SURVEY,CASE,YOB,age,HHINC,FAML1,IEXP,GEN,PINT1,PINT2,PINT3,WINT1,WINT2,WINT3,MINT1,MINT2,MINT3,RINT1,RINT2,RINT3,UATT1,UATT2,UATT3,UATT4,UATT5,TRST1,TRST2,TRST3,TRST4,PRSK1,PRSK2,PRSK3,PRSK4,ASEC1,ASEC2,ASEC3,ASEC4,NSEC1,NSEC2,NSEC3,CSEC1,CSEC2,CSEC3,CSEC4,PSEC1,PSEC2,PSEC3,PSEC4,DSEC1,DSEC2,DSEC3,PREP1,PREP2,PREP3,PREP4,PSZE1,PSZE2,PSZE3,PEOU1,PEOU2,PEOU3,PUSE1,PUSE2,PUSE3,PINV1,PINV2,PINV3,PTPS1,PTPS2,PTPS3,GPSS1,GPSS2,GPSS3,PPSS1,PPSS2,PPSS3,PINN1,PINN2,PINN3,SEFF1,SEFF2,SEFF3,PIPC1,PIPC2,PIPC3,,,,,,,,,,,,,,,,,,,,,,,,,,,,,,,,,
1,1,1958,49,29999,7,5,1,7,7,7,5,5,5,2,2,2,6,6,6,7,7,7,7,7,6,5,7,7,1,1,1,1,7,7,7,7,7,7,7,5,7,7,4,4,5,5,5,5,5,5,7,7,7,1,7,7,7,7,7,7,1,7,7,7,7,1,1,1,1,1,1,1,7,4,7,4,1,4,7,6,6,1,1,1,,,,,,,,,,,,,,,,,,,,,,,,,,,,,,,,,
1,2,1938,69,100000,6,5,1,7,7,7,7,7,7,1,1,3,7,7,7,7,7,7,7,7,7,6,6,7,1,1,1,2,6,6,6,7,6,6,6,5,5,6,5,5,6,5,5,6,6,6,7,7,6,7,7,7,7,7,7,7,1,6,7,6,6,6,5,5,5,6,6,5,6,5,5,4,2,4,2,3,3,4,5,6,,,,,,,,,,,,,,,,,,,,,,,,,,,,,,,,,
1,3,1966,41,65000,7,7,2,7,7,7,4,4,4,1,1,2,4,4,4,6,6,6,6,6,6,6,6,6,4,4,3,3,7,7,4,6,6,6,6,6,6,6,6,6,6,6,5,6,5,6,7,6,6,6,6,6,6,6,6,6,1,7,7,6,6,4,5,5,5,6,6,6,6,4,6,6,6,6,5,5,5,3,4,4,,,,,,,,,,,,,,,,,,,,,,,,,,,,,,,,,
1,4,1934,73,62000,5,6,2,5,5,5,6,6,6,1,1,4,7,6,7,5,5,4,5,4,4,6,6,6,5,5,5,3,5,5,5,5,5,5,5,5,5,6,5,5,5,5,5,5,4,4,6,6,6,4,6,6,6,6,6,6,2,6,6,6,6,5,5,4,5,6,6,6,6,5,6,4,3,4,4,4,4,4,6,6,,,,,,,,,,,,,,,,,,,,,,,,,,,,,,,,,
1,5,1962,45,17000,7,4,2,6,5,5,5,5,5,1,2,3,7,7,7,7,7,6,7,6,7,7,7,7,1,1,1,1,7,7,4,7,7,7,7,7,7,7,4,5,6,6,6,7,6,6,7,7,7,7,7,4,4,7,7,7,1,7,4,6,6,4,3,3,3,5,5,5,7,3,6,4,5,5,5,3,3,2,6,5,,,,,,,,,,,,,,,,,,,,,,,,,,,,,,,,,
1,7,1936,71,50000,5,5,1,4,4,5,5,5,6,1,1,1,2,2,2,5,5,5,5,5,4,5,5,6,3,3,3,3,4,2,4,5,5,5,5,5,6,6,4,4,5,5,6,4,5,6,6,6,6,4,6,6,5,6,6,6,3,5,5,5,5,5,5,5,5,6,6,6,6,6,6,2,2,2,3,4,3,2,6,4,,,,,,,,,,,,,,,,,,,,,,,,,,,,,,,,,
1,8,1957,50,60000,5,5,1,5,5,7,5,4,7,5,5,7,7,7,7,5,4,4,5,5,1,4,4,5,2,2,2,2,6,6,5,6,7,2,7,2,4,6,1,1,5,4,3,4,4,4,7,7,7,5,7,7,7,7,7,7,1,6,5,6,6,6,3,3,3,2,2,2,7,3,4,5,4,6,6,6,5,5,5,5,,,,,,,,,,,,,,,,,,,,,,,,,,,,,,,,,
1,9,1964,43,38000,5,6,2,7,7,7,6,6,6,4,4,4,7,7,7,6,5,6,6,6,6,6,6,6,2,2,2,2,6,6,4,5,4,4,4,5,5,5,5,5,5,5,5,6,4,4,7,7,7,7,7,7,7,6,6,6,1,6,6,6,6,6,6,6,6,6,6,6,6,6,4,4,4,4,6,6,6,4,4,5,,,,,,,,,,,,,,,,,,,,,,,,,,,,,,,,,
1,10,1937,70,50000,6,5,1,1,1,1,4,4,4,1,1,1,7,7,7,3,2,2,2,2,4,4,4,0,4,4,4,4,5,6,2,2,2,2,3,2,2,4,2,2,2,2,2,1,2,2,6,4,0,5,6,6,6,4,4,3,7,1,2,4,4,4,4,4,4,6,6,6,5,4,1,4,1,2,6,5,4,1,5,3,,,,,,,,,,,,,,,,,,,,,,,,,,,,,,,,,
1,11,1975,32,27000,7,3,2,5,5,5,5,5,5,1,1,1,6,6,6,5,4,5,4,5,4,4,5,5,3,2,2,2,6,6,6,6,5,5,5,6,6,6,4,6,6,6,5,6,6,6,7,6,6,6,6,6,6,6,6,6,1,6,6,6,6,6,6,6,6,6,6,6,6,6,6,5,6,5,5,4,5,5,5,2,,,,,,,,,,,,,,,,,,,,,,,,,,,,,,,,,
1,13,1960,47,52000,6,4,2,5,5,5,7,7,7,1,1,2,7,7,7,7,7,5,7,7,6,7,7,6,4,2,2,1,7,7,7,7,6,6,6,6,7,7,4,7,7,7,7,7,6,7,7,7,7,7,7,7,7,7,7,7,1,7,7,5,5,4,7,7,7,7,7,7,7,7,7,6,4,3,5,4,4,2,7,2,,,,,,,,,,,,,,,,,,,,,,,,,,,,,,,,,
1,15,1930,77,34000,6,7,1,7,4,5,6,7,7,4,3,5,7,7,7,7,5,6,6,5,4,6,6,6,3,3,2,3,5,4,6,7,4,4,5,6,6,7,4,6,6,4,5,4,5,6,7,6,7,6,7,7,7,6,7,5,1,5,6,7,7,6,5,5,6,6,5,6,7,5,6,5,4,5,6,7,6,4,3,5,,,,,,,,,,,,,,,,,,,,,,,,,,,,,,,,,
1,17,1943,64,45000,7,5,2,7,7,7,7,7,7,1,1,1,6,7,7,7,7,7,7,7,7,7,7,7,1,1,1,1,7,6,5,6,7,7,7,6,7,7,5,7,6,7,6,6,5,5,7,7,7,7,7,6,6,7,7,7,1,7,7,7,7,7,6,5,5,5,5,6,7,7,6,3,2,5,6,6,5,4,6,7,,,,,,,,,,,,,,,,,,,,,,,,,,,,,,,,,
1,19,1957,50,65000,7,5,1,7,7,7,7,7,7,1,1,1,7,7,7,7,7,7,7,7,6,7,7,7,1,1,1,1,7,7,7,7,4,4,4,7,7,7,7,7,7,7,7,7,7,7,7,7,7,4,2,5,6,7,7,7,1,7,7,7,7,6,4,4,4,5,5,5,7,7,7,7,6,7,7,7,7,1,6,6,,,,,,,,,,,,,,,,,,,,,,,,,,,,,,,,,
1,20,1957,50,45000,7,4,2,6,6,6,6,6,6,1,1,1,7,7,7,6,6,6,6,6,6,6,6,7,1,1,1,1,7,7,6,7,7,7,7,7,7,7,7,7,7,7,7,7,7,7,6,6,6,6,4,4,6,6,6,6,1,7,6,6,6,5,6,6,6,6,6,6,7,7,7,6,4,5,6,6,6,3,3,5,,,,,,,,,,,,,,,,,,,,,,,,,,,,,,,,,
1,22,1962,45,25000,7,7,2,7,7,7,7,7,7,2,2,4,6,6,6,7,7,7,7,7,6,6,6,7,1,1,1,1,7,7,6,6,6,6,6,6,7,7,6,6,7,5,5,4,4,5,7,7,7,7,6,7,7,7,7,7,1,7,7,7,7,7,7,5,5,6,6,6,7,7,7,4,2,4,6,5,7,3,4,5,,,,,,,,,,,,,,,,,,,,,,,,,,,,,,,,,
1,24,1958,49,32000,4,2,1,4,3,5,4,5,5,4,4,4,4,4,4,5,4,5,5,4,5,5,4,6,4,4,3,4,7,7,7,7,7,7,7,6,7,6,7,6,6,6,4,7,6,7,6,6,6,6,7,5,6,7,7,7,4,5,4,4,4,4,4,4,4,4,4,4,6,5,5,4,4,4,5,4,5,0,7,7,,,,,,,,,,,,,,,,,,,,,,,,,,,,,,,,,
1,25,1960,47,60000,4,5,2,6,5,5,6,6,6,2,2,2,4,4,4,5,5,5,5,5,5,5,5,5,2,2,2,2,4,4,4,4,4,4,4,4,5,5,4,4,4,4,4,4,4,4,6,6,6,5,6,5,5,6,6,6,5,5,5,5,5,4,4,4,4,3,3,3,5,5,5,4,3,5,5,5,5,4,4,3,,,,,,,,,,,,,,,,,,,,,,,,,,,,,,,,,
1,26,1945,62,35000,5,6,1,5,5,5,4,4,4,2,2,2,4,4,4,4,4,5,4,4,5,4,4,4,3,3,3,3,5,5,5,5,5,5,5,5,5,5,5,5,5,5,5,5,5,5,6,6,6,4,6,6,6,5,5,5,3,5,5,5,5,5,4,4,4,5,5,5,5,5,5,4,4,4,4,4,4,5,5,5,,,,,,,,,,,,,,,,,,,,,,,,,,,,,,,,,
1,27,1957,50,135000,7,4,1,7,7,7,7,7,7,7,7,7,7,7,7,7,7,7,7,7,7,7,7,7,1,1,1,1,7,7,7,7,7,7,7,7,7,7,4,7,7,7,7,4,7,7,7,7,7,7,7,7,7,7,7,7,1,7,7,7,7,7,4,4,4,4,4,4,7,4,4,5,4,4,7,7,7,4,4,4,,,,,,,,,,,,,,,,,,,,,,,,,,,,,,,,,
1,28,1960,47,43000,7,2,1,7,7,7,7,7,7,1,1,1,7,7,7,7,7,7,7,7,7,7,7,7,1,1,1,1,7,7,7,7,7,7,7,7,7,7,7,4,7,7,7,7,7,7,7,7,7,7,7,7,7,7,7,7,1,7,7,7,7,7,7,7,7,7,7,7,7,7,7,7,7,6,5,5,5,2,7,7,,,,,,,,,,,,,,,,,,,,,,,,,,,,,,,,,
1,29,1935,72,20000,6,4,1,6,6,6,6,5,5,2,2,2,4,4,4,6,6,6,6,6,4,4,4,6,3,3,3,3,6,6,5,5,5,0,5,6,6,6,6,5,6,6,6,6,6,6,6,6,6,6,6,6,6,6,6,6,2,6,6,6,6,4,4,4,4,6,6,6,6,6,6,4,4,4,6,6,6,4,6,6,,,,,,,,,,,,,,,,,,,,,,,,,,,,,,,,,
1,30,1960,47,73000,7,5,1,6,6,6,5,6,6,1,1,2,5,6,6,7,6,0,6,6,6,6,6,6,2,2,1,1,7,7,2,7,6,6,6,7,6,6,6,7,6,6,5,6,6,6,5,6,7,5,5,6,7,7,7,7,1,6,6,6,6,5,3,2,2,3,3,3,6,6,7,5,4,5,6,7,6,5,5,5,,,,,,,,,,,,,,,,,,,,,,,,,,,,,,,,,
1,32,1944,63,50000,7,5,1,5,6,6,7,7,7,1,1,1,4,4,6,7,7,7,7,7,7,7,7,7,1,1,1,1,7,7,7,7,7,7,7,7,7,7,7,7,7,7,7,7,7,7,7,7,7,7,7,7,7,7,7,7,1,7,7,7,7,6,6,6,7,7,7,7,7,6,7,4,4,3,3,2,2,4,6,5,,,,,,,,,,,,,,,,,,,,,,,,,,,,,,,,,
1,36,1986,21,85000,6,4,2,6,6,3,5,5,2,1,1,1,5,3,1,5,3,6,3,5,7,5,7,5,1,1,1,2,6,7,2,1,7,3,2,6,3,5,1,7,7,7,3,2,5,6,7,5,4,7,7,5,7,7,7,6,2,6,4,6,7,3,1,1,1,3,1,3,7,1,6,5,3,4,7,7,7,3,5,4,,,,,,,,,,,,,,,,,,,,,,,,,,,,,,,,,
1,37,1958,49,140000,4,4,1,7,7,7,7,7,7,1,4,1,4,7,7,7,7,7,7,7,4,4,4,6,7,6,5,5,7,7,4,4,4,4,4,4,4,4,4,1,4,4,4,4,4,4,7,7,7,7,0,7,7,7,7,7,1,7,4,5,5,5,4,4,4,4,4,4,7,4,4,4,4,7,7,7,4,4,4,4,,,,,,,,,,,,,,,,,,,,,,,,,,,,,,,,,
1,38,1957,50,49000,7,6,2,7,7,7,7,7,7,7,7,7,7,7,7,4,4,7,7,7,7,7,7,7,1,1,1,1,7,7,4,7,1,4,1,1,7,7,7,4,7,7,4,0,7,4,7,7,7,7,4,7,7,7,7,7,1,7,7,7,7,4,4,4,7,7,7,7,7,7,7,7,7,7,7,7,7,7,7,4,,,,,,,,,,,,,,,,,,,,,,,,,,,,,,,,,
1,39,1959,48,40000,7,4,1,7,6,6,7,7,7,1,1,1,4,4,4,7,7,7,7,7,7,7,7,7,1,1,1,1,7,7,7,7,4,4,4,7,7,7,4,7,7,7,7,7,7,7,7,7,7,7,7,7,7,7,7,7,1,6,7,7,7,7,7,7,7,7,7,7,7,7,7,7,7,7,7,7,7,7,7,7,,,,,,,,,,,,,,,,,,,,,,,,,,,,,,,,,
1,40,1972,35,105000,4,5,2,5,5,5,5,5,5,5,5,5,6,6,6,4,4,5,4,4,3,5,4,5,3,3,3,3,4,4,3,4,4,4,4,3,4,4,3,3,4,4,4,5,3,4,6,5,5,4,6,6,6,6,5,5,3,5,4,6,6,6,4,4,4,6,6,6,5,3,4,2,2,2,5,5,5,4,4,5,,,,,,,,,,,,,,,,,,,,,,,,,,,,,,,,,
1,41,1930,77,1400,4,4,2,4,4,4,4,4,4,1,1,1,7,7,7,4,3,4,3,4,1,4,4,4,4,4,4,4,7,7,4,4,4,4,4,4,4,4,4,4,4,7,7,7,4,7,4,4,4,4,4,4,7,7,7,7,4,4,4,7,7,7,7,7,7,1,1,1,7,7,7,4,4,3,1,1,1,7,7,7,,,,,,,,,,,,,,,,,,,,,,,,,,,,,,,,,
1,42,1959,48,1,7,7,1,7,6,6,4,4,4,1,1,4,4,4,4,7,7,7,7,7,6,6,7,7,5,4,2,3,7,7,4,6,4,4,4,4,4,4,4,2,3,3,4,6,6,6,7,7,7,7,7,7,7,7,7,7,1,7,7,7,7,7,4,4,4,7,7,7,4,4,4,5,1,4,5,4,4,5,7,7,,,,,,,,,,,,,,,,,,,,,,,,,,,,,,,,,
1,43,1959,48,265000,7,4,2,7,7,7,6,6,6,1,1,1,7,7,7,7,5,7,6,7,4,7,7,7,3,2,2,2,7,7,7,7,7,7,7,7,7,7,7,7,7,7,6,7,5,6,7,7,7,7,7,7,7,7,7,7,1,7,7,7,7,7,7,7,7,7,7,7,7,7,7,7,7,7,7,7,7,4,5,5,,,,,,,,,,,,,,,,,,,,,,,,,,,,,,,,,
1,44,1957,50,63000,4,6,2,7,7,7,7,7,7,1,1,1,7,7,7,4,4,4,4,4,4,5,5,7,3,1,1,1,5,5,4,4,4,4,4,4,4,4,4,5,4,4,5,4,4,4,7,7,6,5,5,5,4,7,7,7,0,6,6,5,5,4,4,4,4,5,5,5,5,5,5,1,1,1,2,3,3,5,5,7,,,,,,,,,,,,,,,,,,,,,,,,,,,,,,,,,
1,45,1960,47,30000,5,4,1,1,1,3,1,1,3,1,2,4,3,4,5,4,4,2,5,2,4,4,4,4,2,1,1,2,3,3,4,4,4,4,4,1,3,4,4,3,3,1,1,3,3,3,7,7,7,4,5,4,4,4,5,5,4,5,5,5,5,5,5,1,5,6,7,7,7,4,4,4,1,5,7,5,5,1,7,7,,,,,,,,,,,,,,,,,,,,,,,,,,,,,,,,,
1,46,1978,29,10000,4,5,2,5,5,5,7,7,7,1,1,1,7,7,7,7,7,7,7,7,5,7,7,7,2,1,2,2,7,7,7,7,4,4,4,4,4,4,4,4,4,4,4,4,4,4,7,7,7,7,7,7,7,7,7,7,1,7,7,7,7,7,4,4,4,4,4,4,4,4,4,4,4,4,4,4,4,4,4,4,,,,,,,,,,,,,,,,,,,,,,,,,,,,,,,,,
1,47,1965,42,52000,6,6,2,5,5,7,6,6,7,1,1,3,4,4,5,6,5,7,5,6,5,5,5,5,3,3,3,3,4,4,4,4,5,3,5,4,4,4,3,1,2,3,1,4,4,4,7,6,6,5,6,7,7,7,7,7,2,7,6,7,7,6,4,3,4,2,2,2,4,1,4,2,2,3,6,6,6,5,3,5,,,,,,,,,,,,,,,,,,,,,,,,,,,,,,,,,
1,50,1965,42,74000,7,6,2,6,7,7,7,1,7,4,4,4,7,7,7,7,7,7,7,7,6,7,7,7,3,3,2,2,7,7,7,7,7,7,7,7,5,7,6,4,7,6,7,7,7,7,7,7,7,7,7,7,7,7,7,7,1,7,7,7,7,7,7,7,7,7,7,7,7,7,7,5,1,5,5,5,6,3,5,7,,,,,,,,,,,,,,,,,,,,,,,,,,,,,,,,,
1,51,1922,85,9,5,3,1,4,3,3,5,5,5,1,0,1,6,6,6,4,4,5,4,4,7,7,7,7,1,1,1,1,7,7,4,4,3,3,3,4,5,4,4,7,5,4,4,4,4,4,7,7,7,4,7,7,7,7,7,7,1,7,7,4,4,4,4,3,3,4,5,5,4,3,4,3,3,2,3,3,3,4,4,5,,,,,,,,,,,,,,,,,,,,,,,,,,,,,,,,,
1,52,1962,45,65000,7,5,2,4,4,4,3,3,3,1,1,1,7,7,7,4,3,4,4,4,3,4,4,5,3,5,4,2,7,7,7,7,6,4,4,7,7,7,7,7,7,7,7,7,7,7,7,6,6,4,6,7,7,7,6,6,6,4,5,7,7,7,7,7,7,7,7,7,7,7,7,3,3,3,6,6,6,4,7,7,,,,,,,,,,,,,,,,,,,,,,,,,,,,,,,,,
1,53,1958,49,30000,5,5,2,5,5,5,5,5,5,4,4,4,7,7,7,6,6,6,6,6,6,6,6,6,3,2,2,2,5,5,6,7,6,6,6,6,6,7,7,7,7,7,7,6,6,6,7,7,7,4,6,6,6,6,6,6,2,6,6,6,6,6,4,4,4,6,6,6,7,7,7,5,4,4,4,4,4,4,6,5,,,,,,,,,,,,,,,,,,,,,,,,,,,,,,,,,
1,55,1962,45,28000,7,4,2,7,7,7,6,6,6,1,1,1,7,7,7,7,7,6,6,6,6,6,6,5,2,2,1,2,7,7,6,7,6,6,6,6,7,7,6,6,6,5,5,6,6,6,7,7,7,7,7,6,6,7,7,7,1,7,7,6,6,6,7,7,7,7,7,7,7,5,7,6,5,5,7,7,7,3,7,6,,,,,,,,,,,,,,,,,,,,,,,,,,,,,,,,,
1,57,1964,43,60000,7,5,2,5,5,5,6,6,6,2,2,2,1,1,1,7,7,7,7,7,7,7,7,7,2,2,1,1,7,7,7,7,7,7,7,6,6,7,6,4,6,6,6,6,6,6,7,7,7,7,7,7,7,7,7,7,1,7,7,7,7,7,5,5,5,6,6,6,6,6,6,4,2,4,5,5,5,3,5,6,,,,,,,,,,,,,,,,,,,,,,,,,,,,,,,,,
1,58,1958,49,85000,6,7,1,7,7,7,6,5,7,3,3,5,6,6,6,6,6,6,6,6,5,5,5,6,2,2,2,2,6,6,5,6,6,3,6,5,5,6,5,5,6,5,5,5,5,4,7,7,7,5,6,7,7,5,6,6,2,6,6,6,6,5,5,5,5,4,3,4,5,5,5,6,6,6,6,6,6,3,3,3,,,,,,,,,,,,,,,,,,,,,,,,,,,,,,,,,
1,59,1939,68,50000,6,4,1,6,6,7,7,7,7,4,4,4,7,7,7,7,7,7,7,7,7,7,7,7,1,1,1,1,6,6,6,6,7,7,7,6,7,7,6,4,6,6,0,7,6,7,7,7,7,7,6,6,6,7,7,7,1,7,7,6,6,4,5,5,5,7,7,7,7,7,7,5,6,6,7,7,7,2,5,4,,,,,,,,,,,,,,,,,,,,,,,,,,,,,,,,,
1,60,1965,42,85000,7,6,2,5,5,5,5,5,5,2,2,4,6,6,5,4,4,3,4,3,5,4,5,3,2,3,2,2,5,5,5,5,3,3,3,4,5,5,3,2,5,4,5,5,5,5,7,6,6,6,7,7,7,6,6,5,2,2,3,6,6,6,5,6,6,7,7,7,6,6,6,6,7,7,7,7,7,5,3,3,,,,,,,,,,,,,,,,,,,,,,,,,,,,,,,,,
1,61,1959,48,99000,4,6,2,7,3,3,7,7,7,1,1,1,7,7,7,7,7,7,7,7,7,7,7,7,1,1,1,1,7,7,4,4,4,4,4,5,7,4,4,7,7,5,6,6,5,5,7,7,7,7,7,7,7,7,7,7,1,6,6,7,7,7,5,5,5,5,5,5,5,4,4,4,1,3,2,2,2,4,5,5,,,,,,,,,,,,,,,,,,,,,,,,,,,,,,,,,
1,62,1935,72,0,6,5,1,7,7,7,7,7,7,7,7,7,7,7,7,6,6,6,6,6,6,6,6,6,1,1,1,1,6,6,6,6,5,5,5,6,7,6,4,6,6,6,6,5,5,5,7,7,7,4,7,7,7,7,7,7,1,7,7,7,7,7,4,4,4,7,7,7,7,6,6,4,4,4,5,5,6,2,7,7,,,,,,,,,,,,,,,,,,,,,,,,,,,,,,,,,
1,63,1928,79,80000,6,7,2,5,5,5,4,4,4,4,4,4,3,3,3,5,5,5,4,4,5,5,5,5,3,3,3,3,4,4,4,4,4,4,4,4,4,4,4,5,5,5,4,4,4,4,6,6,6,4,4,6,6,5,5,5,3,5,5,4,4,4,3,3,3,5,4,4,4,2,4,4,4,4,4,6,6,4,4,5,,,,,,,,,,,,,,,,,,,,,,,,,,,,,,,,,
1,65,1959,48,43000,7,6,2,7,7,7,6,6,6,2,2,2,6,6,6,6,6,6,6,6,7,7,7,7,1,1,1,1,6,6,6,7,7,7,7,7,7,7,7,7,7,7,7,7,7,7,7,7,0,6,6,7,7,7,7,7,2,7,7,7,7,6,7,7,0,7,7,7,0,7,7,6,5,5,7,7,7,2,6,7,,,,,,,,,,,,,,,,,,,,,,,,,,,,,,,,,
1,66,1957,50,70000,6,4,1,1,7,7,1,7,7,1,1,1,1,7,7,7,6,7,7,7,4,4,7,7,4,4,3,3,7,7,7,7,4,4,4,7,7,7,5,7,6,6,7,7,6,7,6,7,7,7,4,7,7,7,7,7,1,7,7,7,7,7,7,7,7,7,7,7,7,7,7,4,4,5,4,4,6,3,6,6,,,,,,,,,,,,,,,,,,,,,,,,,,,,,,,,,
1,67,1960,47,24000,7,7,2,7,7,7,7,7,7,4,4,4,5,5,5,7,7,7,7,7,6,7,7,7,1,1,1,1,7,7,6,7,6,6,6,0,7,6,5,1,5,6,4,5,5,5,7,7,7,5,5,5,6,7,7,7,1,6,6,6,6,5,5,5,5,5,0,5,5,4,5,5,5,5,7,7,7,2,5,5,,,,,,,,,,,,,,,,,,,,,,,,,,,,,,,,,
1,68,1962,45,0,5,5,2,7,7,7,7,7,7,1,1,1,5,5,5,5,5,4,5,4,6,6,6,6,2,2,2,2,6,7,4,5,4,4,4,6,6,6,4,6,4,5,6,6,6,6,5,4,5,3,7,7,5,5,5,5,1,7,7,6,6,6,5,5,5,5,5,5,6,6,7,4,3,2,4,4,4,3,3,3,,,,,,,,,,,,,,,,,,,,,,,,,,,,,,,,,
1,69,1977,30,10000,5,3,2,3,2,2,4,4,4,3,3,3,6,6,6,4,3,5,4,5,4,3,4,4,3,3,3,3,5,5,4,4,5,5,5,5,5,5,4,4,4,4,4,5,4,4,6,5,6,5,7,7,6,5,5,5,3,5,4,5,5,5,4,4,5,5,5,5,5,3,4,5,4,5,5,6,6,4,5,6,,,,,,,,,,,,,,,,,,,,,,,,,,,,,,,,,
1,71,1931,76,45000,6,7,1,7,6,4,7,7,6,2,2,5,7,7,6,7,6,7,7,7,6,6,7,6,2,2,1,1,6,4,4,5,4,4,4,5,6,4,4,4,4,5,4,5,4,5,7,7,7,7,7,4,4,6,7,7,1,5,5,5,5,6,1,1,1,4,4,4,7,7,7,4,4,4,4,3,3,5,6,6,,,,,,,,,,,,,,,,,,,,,,,,,,,,,,,,,
1,72,1976,31,29000,7,6,2,6,5,5,7,7,7,2,1,1,7,7,7,7,7,7,7,7,4,5,7,6,4,2,1,1,7,7,7,7,6,6,6,4,7,7,4,4,5,6,7,7,7,7,7,7,7,7,4,7,7,6,7,6,1,7,7,7,7,4,7,7,7,6,6,6,5,5,5,4,5,5,7,6,6,5,5,7,,,,,,,,,,,,,,,,,,,,,,,,,,,,,,,,,
1,75,1958,49,32000,6,4,2,6,7,7,7,1,7,1,1,1,7,7,7,6,6,6,6,6,6,6,6,7,2,2,2,1,1,1,4,6,7,7,7,7,7,7,6,7,7,7,6,0,0,7,7,7,7,6,7,7,7,7,7,7,1,7,7,6,6,4,7,7,7,7,7,7,7,7,6,5,6,6,7,7,7,7,7,7,,,,,,,,,,,,,,,,,,,,,,,,,,,,,,,,,
1,77,1933,74,35000,6,4,2,5,4,4,6,6,6,4,4,4,7,7,7,6,6,6,6,6,6,6,6,6,3,3,3,3,5,4,5,5,4,4,4,5,5,5,4,5,5,5,6,5,5,5,0,0,7,7,7,7,7,7,7,7,2,6,6,4,5,5,5,5,5,7,7,7,6,6,6,4,4,4,5,5,4,5,5,5,,,,,,,,,,,,,,,,,,,,,,,,,,,,,,,,,
1,78,1935,72,50000,6,7,2,7,7,7,7,7,0,1,1,1,7,7,7,7,5,4,6,4,6,6,6,7,1,1,1,1,4,4,4,4,6,6,6,7,7,7,7,4,6,6,5,4,4,4,7,7,7,4,7,7,7,7,7,7,1,7,7,7,7,7,7,7,7,6,4,6,7,4,4,4,2,5,4,6,4,7,5,6,,,,,,,,,,,,,,,,,,,,,,,,,,,,,,,,,
1,79,0,0,0,0,0,0,7,7,7,7,7,7,1,1,1,6,4,5,7,7,7,7,7,7,7,7,7,1,1,1,1,6,6,4,4,4,4,6,5,5,5,4,4,4,3,4,4,4,4,4,5,5,4,4,4,4,6,6,6,1,6,6,6,6,6,0,0,0,0,0,0,0,0,0,0,0,0,0,0,0,0,0,0,,,,,,,,,,,,,,,,,,,,,,,,,,,,,,,,,
1,80,1959,48,100000,7,6,2,7,7,7,7,7,7,2,2,2,5,5,5,6,6,6,6,7,6,7,6,6,2,2,2,2,7,6,6,6,4,5,4,5,6,6,4,4,6,5,5,5,4,4,7,6,6,7,4,7,7,7,7,7,1,7,7,7,7,6,5,5,4,4,4,4,6,4,6,4,3,2,5,5,5,4,3,4,,,,,,,,,,,,,,,,,,,,,,,,,,,,,,,,,
1,81,1958,49,25000,6,4,2,2,3,2,6,6,6,2,2,2,5,5,5,6,6,6,6,6,6,6,6,6,1,1,1,1,7,6,6,6,0,6,6,5,6,6,4,4,4,0,4,4,4,4,7,7,7,5,7,5,6,6,6,6,1,5,7,7,6,6,4,4,4,4,4,4,4,4,4,5,5,6,7,7,7,2,6,2,,,,,,,,,,,,,,,,,,,,,,,,,,,,,,,,,
1,82,1934,73,42000,7,5,2,5,7,7,4,4,7,1,1,1,7,7,7,6,4,6,5,5,7,7,7,7,1,1,1,1,7,7,7,7,7,7,7,7,7,7,6,7,7,7,7,7,7,7,7,7,7,7,7,6,6,7,6,6,1,7,7,4,4,6,6,6,6,7,7,7,7,7,7,4,3,3,4,3,4,2,6,7,,,,,,,,,,,,,,,,,,,,,,,,,,,,,,,,,
1,83,1957,50,100000,7,7,1,3,3,3,7,7,7,2,3,4,4,4,5,7,6,4,5,5,6,7,7,0,2,1,1,1,4,6,5,6,6,6,6,4,7,6,2,6,7,7,7,6,4,7,0,7,7,6,7,7,7,7,7,7,1,7,6,6,0,5,4,3,4,6,7,6,7,6,7,7,7,7,7,0,7,5,5,5,,,,,,,,,,,,,,,,,,,,,,,,,,,,,,,,,
1,90,1960,47,20000,7,4,2,7,7,7,4,4,4,7,7,7,7,7,7,7,7,6,6,6,6,4,6,6,2,4,2,2,7,7,7,7,4,4,4,7,7,7,7,4,6,6,4,4,4,4,7,7,7,7,7,0,7,0,7,7,2,6,6,7,7,7,4,4,4,6,6,6,7,7,7,3,1,2,6,6,6,4,6,6,,,,,,,,,,,,,,,,,,,,,,,,,,,,,,,,,
1,91,0,0,0,0,0,0,7,7,7,7,7,7,2,3,5,4,2,5,7,6,7,6,7,7,7,7,7,2,1,1,1,7,7,6,7,6,5,7,6,7,7,5,6,7,7,5,7,6,7,7,7,7,7,3,7,7,7,7,7,1,7,7,7,7,6,0,0,0,0,0,0,0,0,0,0,0,0,0,0,0,0,0,0,,,,,,,,,,,,,,,,,,,,,,,,,,,,,,,,,
1,93,1960,47,75,5,3,2,4,4,7,4,4,5,3,3,3,7,7,7,5,5,6,6,6,5,0,5,0,1,1,1,1,7,7,7,7,7,7,4,7,7,7,6,0,7,7,4,7,7,5,7,7,7,4,7,7,7,7,7,7,1,7,7,7,7,7,7,7,7,7,7,7,7,6,7,4,3,3,5,5,5,4,7,7,,,,,,,,,,,,,,,,,,,,,,,,,,,,,,,,,
1,94,1924,83,0,4,4,2,1,1,1,1,1,1,1,1,1,7,7,7,1,1,1,1,1,1,1,1,1,7,7,7,7,4,4,4,4,4,4,4,4,4,4,4,4,4,4,4,4,4,4,4,4,4,4,4,4,0,4,4,4,7,1,1,4,4,4,5,5,5,5,5,5,4,4,4,1,1,1,1,1,1,7,7,7,,,,,,,,,,,,,,,,,,,,,,,,,,,,,,,,,
1,96,1935,72,88000,7,6,1,6,6,6,6,0,6,6,1,1,7,7,7,5,5,5,4,4,5,5,5,5,2,5,4,2,5,5,6,6,6,6,6,5,5,5,5,4,4,4,5,5,5,5,7,6,6,6,7,7,7,6,6,6,1,6,6,7,7,7,5,5,5,6,6,6,6,6,6,5,4,4,4,5,4,2,7,5,,,,,,,,,,,,,,,,,,,,,,,,,,,,,,,,,
1,97,1932,75,40000,6,4,2,5,6,5,6,4,4,2,2,4,7,7,7,6,4,5,5,4,2,2,2,2,4,3,3,3,6,6,4,4,5,4,5,5,5,6,4,2,3,4,3,5,4,4,7,2,2,5,6,6,5,5,5,5,2,5,5,4,4,5,4,5,5,5,6,6,5,5,4,5,4,3,3,3,3,4,5,3,,,,,,,,,,,,,,,,,,,,,,,,,,,,,,,,,
1,98,1957,50,32000,5,4,2,5,5,5,5,5,5,4,4,4,4,4,4,5,5,5,5,5,5,5,5,5,3,3,3,3,5,5,5,5,4,4,4,5,5,5,4,4,5,5,5,5,4,5,5,5,5,4,5,5,5,5,5,5,2,5,5,4,4,4,5,5,5,5,5,5,5,5,5,3,3,3,3,3,3,3,5,5,,,,,,,,,,,,,,,,,,,,,,,,,,,,,,,,,
1,99,1957,50,55000,6,6,1,5,5,5,5,5,5,5,5,5,6,6,6,5,5,5,5,5,5,5,6,6,3,3,2,2,5,5,5,5,5,5,5,5,6,6,4,6,6,6,6,6,3,6,6,6,6,6,6,6,6,6,6,6,3,5,6,5,5,5,5,4,4,5,5,5,6,6,6,5,5,5,6,6,6,7,4,4,,,,,,,,,,,,,,,,,,,,,,,,,,,,,,,,,
1,100,1958,49,0,5,3,1,7,7,7,7,6,7,1,1,1,6,7,7,6,6,7,7,7,6,6,6,6,2,2,2,2,6,6,6,6,6,6,6,6,6,6,5,6,5,5,5,6,5,6,7,7,7,6,7,7,6,7,7,7,2,7,7,6,6,6,6,6,6,7,7,7,6,6,6,5,5,5,5,5,5,4,6,6,,,,,,,,,,,,,,,,,,,,,,,,,,,,,,,,,
1,101,1959,48,70000,7,6,2,7,7,7,7,7,7,4,5,7,6,5,4,7,6,7,4,7,7,7,7,7,1,1,1,2,7,7,5,7,4,4,7,7,7,7,4,7,7,7,4,7,6,6,7,7,7,5,7,4,7,7,7,7,1,7,7,7,7,7,7,6,7,7,7,7,7,4,6,4,2,2,4,0,6,7,7,7,,,,,,,,,,,,,,,,,,,,,,,,,,,,,,,,,
1,103,1962,45,10000,7,5,2,5,5,5,6,6,6,2,2,2,6,6,6,5,5,5,5,5,6,6,6,6,1,1,1,1,5,5,5,5,5,5,5,5,5,5,5,6,6,6,6,6,6,6,7,7,7,7,7,6,7,7,7,7,1,7,6,6,6,6,6,6,6,6,6,6,6,6,6,4,4,4,4,4,4,1,6,6,,,,,,,,,,,,,,,,,,,,,,,,,,,,,,,,,
1,104,1958,49,80000,7,6,1,7,7,7,6,6,6,3,3,3,7,7,7,6,6,6,6,6,7,6,7,7,1,1,1,1,7,7,7,7,6,5,6,7,7,7,5,6,6,7,7,7,5,6,7,7,7,6,7,7,7,7,7,7,1,0,7,7,7,7,6,6,6,6,6,6,6,6,5,7,7,7,7,7,7,1,6,6,,,,,,,,,,,,,,,,,,,,,,,,,,,,,,,,,
1,105,1958,49,36000,5,5,1,6,4,4,5,5,5,6,5,5,5,5,5,5,5,6,6,6,6,6,5,5,5,5,5,5,5,5,5,5,5,5,4,4,4,5,5,5,5,5,5,5,5,5,6,6,6,4,5,4,4,5,6,5,5,5,5,5,5,5,5,5,5,5,5,5,5,5,5,5,5,5,5,4,4,4,4,5,,,,,,,,,,,,,,,,,,,,,,,,,,,,,,,,,
1,106,1958,49,85000,7,2,1,4,4,5,5,5,6,3,1,7,7,7,7,4,4,5,5,5,6,6,5,5,2,2,2,1,6,4,5,6,4,4,4,6,6,6,4,4,4,4,6,5,4,0,7,7,7,7,7,7,7,7,7,7,2,5,4,4,5,7,6,7,7,7,7,7,6,5,7,4,4,2,2,2,1,3,5,7,,,,,,,,,,,,,,,,,,,,,,,,,,,,,,,,,
1,108,1935,72,45000,7,6,1,6,6,6,6,6,6,1,1,1,6,6,6,6,6,6,6,5,6,6,6,6,2,2,2,2,6,6,6,6,4,4,4,6,6,6,6,6,6,6,6,4,6,6,6,6,6,4,5,4,4,6,6,6,2,6,6,5,6,5,6,6,6,6,6,6,6,6,6,1,1,1,1,4,2,3,6,5,,,,,,,,,,,,,,,,,,,,,,,,,,,,,,,,,
1,110,1957,50,75000,7,3,2,7,7,7,7,7,7,4,4,4,7,7,7,7,6,7,7,6,6,6,7,7,1,2,1,1,6,7,6,7,7,6,4,7,7,6,4,6,6,6,5,4,4,5,7,6,6,6,7,6,6,7,7,7,1,7,7,7,7,4,6,5,7,7,7,7,7,7,6,5,5,4,5,6,5,3,4,7,,,,,,,,,,,,,,,,,,,,,,,,,,,,,,,,,
1,112,1932,75,50,1,6,2,1,1,4,7,7,4,1,1,1,7,7,7,4,4,4,4,4,7,4,7,7,4,4,1,3,6,7,1,4,4,4,4,7,7,4,4,7,4,4,4,7,4,4,7,7,7,4,7,7,7,7,7,7,4,7,7,7,7,7,7,7,7,7,7,7,4,4,4,5,5,5,6,5,5,4,5,4,,,,,,,,,,,,,,,,,,,,,,,,,,,,,,,,,
1,113,1933,74,60000,7,6,2,7,7,7,7,7,7,5,3,3,7,7,7,7,7,7,7,7,7,7,7,7,1,1,1,1,7,7,6,6,3,3,3,7,7,7,5,7,7,7,7,7,7,7,7,7,7,4,7,4,4,7,7,7,1,7,7,7,7,7,4,4,4,7,7,7,7,5,4,2,2,2,6,6,6,5,3,3,,,,,,,,,,,,,,,,,,,,,,,,,,,,,,,,,
1,114,1935,72,25,5,6,1,6,1,1,7,1,1,2,2,2,7,7,7,6,6,6,6,6,6,6,6,6,2,2,2,2,6,6,6,6,6,6,6,6,6,6,6,6,6,6,6,6,6,6,6,6,6,6,6,6,0,6,6,6,6,6,6,6,6,6,5,5,5,5,5,5,5,5,5,5,5,5,5,5,5,5,5,5,,,,,,,,,,,,,,,,,,,,,,,,,,,,,,,,,
1,115,1933,74,51000,7,5,2,7,7,7,7,7,7,1,1,1,7,7,7,6,6,6,6,6,6,6,6,6,1,1,1,2,6,6,7,7,4,4,4,6,6,6,6,7,7,7,4,7,4,7,7,7,7,4,6,7,7,6,6,6,1,7,7,4,5,4,7,7,7,7,7,7,7,4,7,5,4,5,4,5,0,3,6,6,,,,,,,,,,,,,,,,,,,,,,,,,,,,,,,,,
1,117,1931,76,28000,7,4,1,6,6,6,6,4,6,4,4,6,7,7,7,6,4,6,6,4,6,6,7,6,1,2,1,2,7,6,6,6,2,2,4,6,6,4,4,7,6,6,6,6,4,6,6,6,6,3,7,4,4,7,7,7,1,7,6,6,6,4,5,4,4,6,6,6,6,6,6,2,1,2,2,2,2,3,7,5,,,,,,,,,,,,,,,,,,,,,,,,,,,,,,,,,
1,120,1958,49,30000,7,5,2,7,7,7,7,7,7,1,1,1,6,6,6,7,7,0,0,0,0,0,7,7,1,2,1,1,7,6,6,7,6,6,6,7,7,7,7,7,7,7,7,7,7,7,7,7,7,7,7,7,7,7,7,7,2,7,7,0,7,7,4,4,4,7,7,7,7,7,7,6,6,5,5,5,5,0,7,7,,,,,,,,,,,,,,,,,,,,,,,,,,,,,,,,,
1,121,1957,50,75000,6,4,1,7,7,7,7,1,7,7,7,7,7,7,7,7,7,7,7,7,2,2,4,4,6,6,4,4,6,6,7,7,6,6,6,5,6,6,4,3,6,2,3,6,6,6,7,5,6,6,7,7,7,6,6,6,2,7,6,7,7,7,7,7,7,7,7,7,7,5,7,7,5,6,7,7,7,7,7,7,,,,,,,,,,,,,,,,,,,,,,,,,,,,,,,,,
2,123,1931,76,49000,1,4,1,6,6,6,6,6,6,2,2,2,6,7,7,6,6,6,6,6,4,4,4,4,4,4,4,4,6,6,4,6,4,4,4,6,6,7,6,7,4,5,4,6,6,6,4,4,4,4,3,3,2,6,6,6,3,6,6,5,6,5,7,7,7,6,6,6,6,6,6,4,1,2,1,5,5,5,7,7,,,,,,,,,,,,,,,,,,,,,,,,,,,,,,,,,
2,124,1971,36,25000,7,5,2,7,7,7,6,6,5,1,1,2,7,7,7,6,5,4,7,6,3,4,4,4,4,4,4,4,6,6,6,5,5,5,4,4,4,4,4,4,4,4,7,5,5,5,7,6,6,5,6,6,6,6,7,7,2,6,6,4,4,2,6,6,6,5,6,6,6,5,5,4,6,4,7,7,7,4,6,4,,,,,,,,,,,,,,,,,,,,,,,,,,,,,,,,,
2,125,1962,45,39,7,4,2,7,7,7,7,7,7,1,1,1,7,7,7,7,7,7,7,7,7,7,7,7,1,1,1,1,7,7,7,7,0,7,7,7,7,7,7,7,7,7,7,7,7,7,7,7,7,7,7,7,7,7,7,7,1,7,7,7,7,6,7,7,7,7,7,7,7,7,7,7,6,7,6,5,6,6,7,6,,,,,,,,,,,,,,,,,,,,,,,,,,,,,,,,,
2,126,1972,35,15960,6,4,2,5,5,5,5,5,5,3,3,3,6,6,6,4,4,4,4,5,3,4,4,4,4,3,3,3,6,6,5,3,3,3,3,2,4,4,4,4,5,3,4,5,4,4,6,5,6,4,7,6,6,6,6,6,1,6,6,6,6,6,1,1,1,1,1,1,6,4,6,6,5,5,6,6,6,4,2,4,,,,,,,,,,,,,,,,,,,,,,,,,,,,,,,,,
2,128,1983,24,100000,6,5,2,5,5,5,6,6,5,6,7,7,7,7,6,5,5,6,5,6,4,4,3,4,2,1,2,2,6,6,3,6,7,3,6,4,6,6,1,3,5,5,4,5,6,6,6,5,5,4,5,5,6,5,5,4,3,5,5,4,5,4,7,7,7,4,5,5,7,3,5,6,5,6,7,6,6,5,6,7,,,,,,,,,,,,,,,,,,,,,,,,,,,,,,,,,
2,129,1962,45,3900,7,6,2,7,7,7,7,7,7,1,1,1,7,7,7,7,7,7,7,7,7,7,7,7,1,1,1,1,7,7,0,7,7,7,7,7,7,7,4,4,7,7,7,7,7,7,7,7,7,7,7,7,7,7,7,7,1,7,7,7,7,7,7,7,7,7,7,7,7,7,7,5,5,5,6,6,6,4,7,7,,,,,,,,,,,,,,,,,,,,,,,,,,,,,,,,,
2,130,1957,50,50000,6,4,1,3,3,3,2,2,2,5,1,1,7,7,7,6,6,6,6,6,7,6,7,7,5,2,1,1,7,5,6,6,6,6,6,4,5,6,4,6,5,5,5,5,4,4,7,7,7,7,6,5,6,7,7,7,1,6,4,4,4,4,5,5,5,7,7,7,7,5,5,5,4,6,6,6,6,6,7,7,,,,,,,,,,,,,,,,,,,,,,,,,,,,,,,,,
2,132,1965,42,120000,6,7,1,6,5,6,7,6,7,4,4,4,7,7,7,6,6,6,4,6,6,6,7,6,1,1,1,1,6,6,3,5,6,5,5,4,6,6,3,4,5,5,5,6,4,4,7,7,7,5,7,7,7,6,6,6,1,6,6,6,6,6,5,5,5,3,3,3,5,1,6,6,6,6,7,7,7,6,5,5,,,,,,,,,,,,,,,,,,,,,,,,,,,,,,,,,
2,134,1985,22,25000,6,4,2,7,7,7,7,7,7,1,1,1,1,1,1,7,7,7,7,7,7,7,7,7,1,1,1,1,7,7,7,7,7,7,7,7,7,7,7,7,7,7,7,7,7,7,7,7,7,7,7,7,7,7,7,7,1,7,7,7,7,7,7,7,7,4,4,4,7,7,7,7,7,7,7,7,7,1,7,1,,,,,,,,,,,,,,,,,,,,,,,,,,,,,,,,,
2,138,1947,60,25000,7,4,2,7,7,7,7,7,7,3,3,3,7,7,7,7,7,7,7,7,7,7,7,7,1,1,1,1,7,7,7,7,7,7,7,7,7,7,7,7,7,7,7,7,7,7,7,7,7,7,7,7,7,7,7,7,1,7,7,7,7,7,7,7,7,7,7,7,7,7,6,4,6,6,6,6,6,2,6,6,,,,,,,,,,,,,,,,,,,,,,,,,,,,,,,,,
2,140,1948,59,30,3,1,1,7,7,7,7,7,7,4,4,4,7,7,7,5,4,4,5,5,3,6,6,6,7,7,7,6,6,6,6,6,4,3,5,6,6,6,6,6,6,6,6,6,6,6,7,7,7,6,7,7,7,6,5,5,2,6,2,5,5,5,1,1,1,7,7,7,6,3,5,5,2,5,5,5,4,3,2,6,,,,,,,,,,,,,,,,,,,,,,,,,,,,,,,,,
2,141,1962,45,65000,7,5,2,7,7,7,6,6,6,1,1,1,7,7,7,7,6,7,6,6,5,6,6,6,2,2,2,2,6,6,4,6,6,6,0,7,7,6,4,6,6,6,5,7,4,6,7,7,7,6,6,7,6,7,7,7,1,7,7,6,6,4,7,7,7,5,5,6,6,4,6,2,1,4,7,7,7,2,6,6,,,,,,,,,,,,,,,,,,,,,,,,,,,,,,,,,
2,143,1956,51,75000,7,7,2,1,1,1,7,7,7,1,1,1,7,7,7,5,5,6,6,6,7,7,6,7,1,1,1,1,4,4,4,4,4,4,4,6,6,6,6,6,6,5,4,4,4,4,5,5,5,5,2,2,2,6,6,6,2,6,6,5,5,5,5,5,5,5,5,5,5,5,5,5,5,6,6,6,6,6,6,6,,,,,,,,,,,,,,,,,,,,,,,,,,,,,,,,,
2,144,1961,46,48000,7,7,2,6,6,7,6,6,7,5,4,7,7,7,7,6,5,4,5,4,4,4,5,5,3,3,2,3,5,6,6,7,7,7,7,3,4,6,4,4,5,5,5,5,5,4,7,6,6,7,4,5,6,6,6,7,1,6,7,5,6,6,7,7,7,6,6,6,7,7,7,4,3,5,6,7,6,4,6,5,,,,,,,,,,,,,,,,,,,,,,,,,,,,,,,,,
2,145,1960,47,137000,7,6,2,7,7,7,7,7,7,1,1,1,7,7,7,4,4,4,4,4,4,4,4,4,4,4,4,4,4,4,5,5,4,4,4,3,4,4,4,3,4,4,4,4,5,4,5,5,5,5,4,5,5,7,7,7,1,7,7,6,6,4,3,3,3,6,6,6,7,7,7,6,6,6,5,6,5,5,6,7,,,,,,,,,,,,,,,,,,,,,,,,,,,,,,,,,
2,146,1973,34,75000,7,6,1,7,7,7,7,7,7,1,1,1,7,7,7,7,7,7,7,7,7,7,7,7,1,1,1,1,7,7,7,7,7,7,7,7,7,7,7,7,7,7,7,7,7,7,4,7,7,7,4,7,7,7,7,7,1,7,7,7,7,7,7,7,7,7,7,7,7,7,7,7,7,7,7,7,7,2,7,4,,,,,,,,,,,,,,,,,,,,,,,,,,,,,,,,,
2,147,1944,63,45000,7,5,2,7,7,7,7,7,7,1,1,1,7,7,7,7,7,7,7,7,7,7,7,7,1,1,1,1,7,7,7,7,7,7,7,7,7,7,7,7,7,7,7,7,4,7,7,7,7,7,7,7,7,7,7,7,1,7,7,7,7,7,7,7,7,7,7,7,7,7,7,4,1,4,7,4,4,1,7,4,,,,,,,,,,,,,,,,,,,,,,,,,,,,,,,,,
2,148,1936,71,22500,6,5,2,7,7,7,7,7,7,1,1,1,7,7,7,7,7,7,7,7,7,7,7,7,1,1,1,1,7,7,7,7,7,7,7,7,7,7,7,7,7,7,7,7,7,7,7,7,7,7,7,7,7,7,7,7,1,7,7,7,7,7,7,7,7,7,7,7,7,7,7,2,1,2,5,5,3,2,6,6,,,,,,,,,,,,,,,,,,,,,,,,,,,,,,,,,
2,150,1970,37,50000,7,5,2,6,6,6,6,6,6,1,1,1,1,1,1,7,7,7,7,7,7,7,7,7,1,1,1,1,7,7,7,7,6,6,2,1,7,7,7,7,5,5,5,6,6,5,7,7,7,7,7,7,7,7,7,7,2,7,7,7,7,7,5,4,4,4,7,7,7,7,7,7,7,7,4,7,7,6,7,7,,,,,,,,,,,,,,,,,,,,,,,,,,,,,,,,,
2,151,1986,21,70000,6,5,1,6,6,7,5,5,7,1,1,4,5,5,6,5,5,6,4,6,4,4,7,7,1,1,1,1,5,5,4,6,7,4,7,4,5,4,4,4,5,5,5,7,5,5,7,7,7,4,7,7,7,5,5,5,2,6,6,6,6,4,4,4,4,6,6,6,6,3,5,5,4,6,7,7,7,5,2,2,,,,,,,,,,,,,,,,,,,,,,,,,,,,,,,,,
2,155,1964,43,45000,5,5,1,5,5,5,4,4,6,4,4,4,7,7,7,5,5,4,4,5,5,6,6,6,3,3,2,2,4,4,5,5,4,4,5,2,5,5,4,5,5,5,5,5,5,5,7,7,7,4,7,5,5,5,5,5,3,5,5,5,5,5,6,6,6,5,5,5,5,4,4,4,4,4,4,4,4,4,5,5,,,,,,,,,,,,,,,,,,,,,,,,,,,,,,,,,
2,156,1975,32,30000,5,5,1,4,4,5,5,5,5,1,1,1,1,1,1,4,4,4,4,4,4,4,4,4,4,4,1,4,6,6,6,5,5,4,5,5,5,4,3,5,5,5,5,5,4,4,5,5,5,5,4,5,4,4,5,5,3,6,6,5,5,4,4,4,4,4,4,4,4,4,4,4,4,5,5,5,5,4,4,4,,,,,,,,,,,,,,,,,,,,,,,,,,,,,,,,,
2,157,1960,47,34999,6,7,2,7,7,7,7,7,7,4,4,4,4,4,4,7,7,7,7,7,7,7,7,7,1,1,1,1,7,7,7,7,7,7,7,7,7,7,7,7,7,7,7,7,7,7,7,7,7,4,7,7,7,7,7,7,1,7,7,7,7,5,7,7,7,7,7,7,7,4,6,6,4,6,6,5,5,2,6,6,,,,,,,,,,,,,,,,,,,,,,,,,,,,,,,,,
2,159,1972,35,64000,7,4,1,6,7,7,7,6,6,1,1,1,7,7,7,7,6,7,7,7,4,6,6,7,4,4,5,4,5,4,7,6,5,4,6,1,7,7,4,5,6,7,7,4,3,6,7,6,7,5,7,7,7,6,7,7,1,7,7,6,7,7,5,6,7,7,7,7,7,7,5,7,7,7,5,6,6,7,7,7,,,,,,,,,,,,,,,,,,,,,,,,,,,,,,,,,
2,160,1937,70,60000,7,6,1,7,7,7,7,7,7,1,1,1,7,7,7,7,7,7,7,7,7,7,7,7,3,3,3,3,6,6,7,7,4,4,4,7,7,7,6,6,6,6,4,5,0,6,7,7,7,6,4,7,7,7,7,7,1,7,7,7,7,7,7,7,7,7,7,7,6,7,7,7,4,6,4,5,5,4,7,7,,,,,,,,,,,,,,,,,,,,,,,,,,,,,,,,,
2,161,1981,26,2000,6,6,2,4,3,2,7,6,7,2,6,6,4,4,4,7,7,7,7,7,7,7,7,7,1,1,1,1,7,7,7,7,7,7,7,7,7,7,7,7,7,7,7,7,7,7,7,7,7,7,7,6,7,7,7,7,1,7,7,7,7,7,6,6,6,7,7,7,7,7,7,7,7,7,7,7,7,6,7,5,,,,,,,,,,,,,,,,,,,,,,,,,,,,,,,,,
2,162,1944,63,150000,5,5,1,2,2,3,4,4,4,1,1,1,6,6,6,5,5,4,4,3,3,4,4,5,2,3,2,5,5,5,5,5,5,5,5,4,4,5,4,4,5,4,4,4,4,4,6,5,4,5,5,6,6,5,6,6,2,6,5,4,4,4,4,3,3,3,3,3,6,6,6,2,2,2,6,6,6,5,6,6,,,,,,,,,,,,,,,,,,,,,,,,,,,,,,,,,
2,163,1953,54,25000,1,1,2,1,1,1,1,1,1,1,1,1,7,7,7,4,4,4,4,4,4,4,4,4,4,4,4,4,4,4,4,4,4,4,4,4,4,4,4,4,4,4,4,4,4,4,4,4,4,4,4,4,4,4,4,4,4,4,4,4,4,4,4,4,4,4,4,4,4,4,4,1,1,1,1,1,1,4,7,7,,,,,,,,,,,,,,,,,,,,,,,,,,,,,,,,,
2,165,1962,45,49000,6,5,2,7,7,7,7,7,7,1,1,1,5,5,5,7,7,7,7,7,6,6,6,6,2,2,2,2,7,7,5,5,4,4,4,4,6,6,4,4,4,4,4,6,4,5,5,5,5,5,3,3,3,6,7,7,2,6,6,4,4,4,7,7,7,5,5,5,7,3,4,6,2,5,6,6,6,5,5,5,,,,,,,,,,,,,,,,,,,,,,,,,,,,,,,,,
2,166,1960,47,20000,7,7,1,5,5,5,7,7,7,1,1,1,7,7,7,7,7,7,7,7,7,7,7,7,1,1,1,1,7,4,4,6,7,4,7,7,7,7,7,7,7,7,7,7,4,4,7,7,7,4,7,4,4,7,7,7,1,7,7,7,7,7,7,7,7,7,7,7,7,7,7,6,5,6,7,7,7,2,7,7,,,,,,,,,,,,,,,,,,,,,,,,,,,,,,,,,
2,167,1981,26,75000,7,6,2,7,7,7,7,7,7,7,7,7,7,7,7,7,7,7,7,7,5,6,6,7,4,4,2,2,6,6,6,6,4,5,5,5,5,6,4,4,5,5,5,5,5,5,7,7,6,7,7,7,7,6,6,6,1,7,7,7,7,7,6,6,6,7,7,7,6,2,1,4,4,4,6,6,6,5,7,7,,,,,,,,,,,,,,,,,,,,,,,,,,,,,,,,,
2,169,1972,35,85000,5,5,1,4,4,5,3,3,3,1,1,1,7,7,7,4,4,3,4,4,2,2,3,2,4,4,4,4,5,5,5,5,5,5,5,5,5,5,4,3,4,3,3,4,4,4,6,4,4,3,6,6,6,4,5,3,4,4,4,4,4,5,5,5,5,4,4,4,7,6,7,6,6,6,5,5,6,0,4,5,,,,,,,,,,,,,,,,,,,,,,,,,,,,,,,,,
2,171,1985,22,150000,6,6,2,6,6,7,6,5,6,6,6,6,7,6,7,5,4,6,5,6,4,4,5,5,3,2,2,2,6,6,4,5,6,6,6,3,5,6,3,5,5,5,5,4,6,5,7,7,7,6,7,7,7,7,7,7,2,4,4,6,6,5,6,6,7,5,6,7,7,7,7,6,5,6,7,7,7,5,3,3,,,,,,,,,,,,,,,,,,,,,,,,,,,,,,,,,
2,172,1976,31,60000,6,6,2,5,5,5,5,5,5,3,3,3,6,6,6,6,6,6,6,6,6,6,6,6,2,2,2,2,7,7,7,7,7,7,7,7,7,7,7,7,7,7,7,7,7,7,7,7,7,7,7,7,7,7,7,7,1,7,7,7,7,7,6,5,5,5,0,5,6,6,5,5,4,5,5,6,5,2,5,5,,,,,,,,,,,,,,,,,,,,,,,,,,,,,,,,,
2,173,1937,70,25000,5,4,1,3,3,3,2,2,2,7,7,7,7,7,7,6,6,6,6,6,6,6,6,6,2,2,2,2,6,6,6,6,6,6,6,5,6,6,4,3,6,4,5,6,4,4,6,6,6,4,4,3,4,6,6,4,2,6,6,5,6,6,5,5,6,5,5,5,5,4,4,4,4,5,4,3,3,3,6,6,,,,,,,,,,,,,,,,,,,,,,,,,,,,,,,,,
2,175,1956,51,49,7,3,2,7,7,7,7,7,7,1,1,1,7,7,7,6,6,7,7,7,6,6,6,6,2,2,2,2,7,7,7,7,7,7,7,6,6,7,4,6,0,6,6,6,6,6,7,7,7,7,7,7,7,7,7,7,1,7,7,7,7,7,7,7,7,7,7,7,7,6,7,6,7,7,6,7,7,2,7,6,,,,,,,,,,,,,,,,,,,,,,,,,,,,,,,,,
2,178,1970,37,42000,6,5,1,4,3,3,6,6,6,4,4,4,7,7,7,3,3,3,4,3,2,2,2,3,4,4,4,4,4,4,2,2,4,4,4,5,5,6,4,4,4,5,4,6,5,4,7,7,7,5,7,7,7,7,7,7,2,6,4,6,7,7,6,6,2,6,6,4,7,1,1,6,4,3,4,7,7,4,6,7,,,,,,,,,,,,,,,,,,,,,,,,,,,,,,,,,
2,179,1966,41,36000,7,6,1,5,5,5,6,6,6,1,1,1,7,7,7,7,6,6,6,6,4,4,5,6,4,4,2,2,4,6,6,6,6,6,6,6,7,7,6,6,5,4,6,6,6,6,7,7,6,5,6,7,6,6,7,7,2,6,0,6,6,6,5,0,5,6,6,6,4,4,2,5,4,6,6,7,7,4,6,6,,,,,,,,,,,,,,,,,,,,,,,,,,,,,,,,,
2,180,1954,53,50000,7,6,2,7,7,7,6,5,6,1,1,1,6,7,7,7,7,7,7,0,7,7,7,7,2,1,1,1,7,7,7,7,7,7,7,7,7,7,7,5,7,0,7,7,7,7,7,7,7,7,5,7,6,7,7,7,1,7,7,7,7,7,5,5,5,7,7,7,6,5,4,7,5,5,7,6,5,3,6,6,,,,,,,,,,,,,,,,,,,,,,,,,,,,,,,,,
2,182,1973,34,60000,7,5,1,2,5,6,5,5,6,2,2,2,7,7,7,5,5,5,5,5,4,5,5,5,5,5,5,3,5,5,5,5,5,5,5,5,5,5,5,5,5,5,5,5,5,5,7,5,5,5,7,6,7,6,6,6,2,6,6,6,6,6,6,6,6,6,6,6,6,6,6,6,5,6,7,7,7,2,6,6,,,,,,,,,,,,,,,,,,,,,,,,,,,,,,,,,
2,183,1962,45,0,7,3,2,1,1,4,6,6,6,4,4,4,7,7,7,6,4,6,4,7,7,7,7,7,1,1,1,1,7,7,4,4,4,4,4,7,7,7,4,7,4,4,7,4,4,4,2,7,7,5,1,3,3,7,7,7,1,6,6,5,6,4,5,4,4,4,4,4,7,2,6,3,1,2,7,7,7,2,7,5,,,,,,,,,,,,,,,,,,,,,,,,,,,,,,,,,
2,184,1973,34,70000,7,4,2,6,6,6,7,7,7,1,1,1,5,5,5,7,7,7,7,7,7,7,7,7,1,2,1,1,7,7,6,6,5,5,5,7,7,7,4,6,6,6,4,5,6,5,7,7,7,5,7,7,6,7,7,7,1,0,4,5,5,5,4,4,4,4,4,4,6,4,4,4,4,4,5,5,5,3,7,7,,,,,,,,,,,,,,,,,,,,,,,,,,,,,,,,,
2,185,1964,43,90000,6,6,2,5,4,4,5,4,4,5,5,5,5,5,5,4,4,4,4,4,5,5,7,7,1,1,1,1,5,5,4,4,4,4,4,4,4,4,4,4,4,4,4,4,4,4,7,7,7,4,7,7,7,7,7,7,1,5,5,4,4,4,4,4,4,6,6,6,5,4,4,4,6,6,7,7,7,2,5,5,,,,,,,,,,,,,,,,,,,,,,,,,,,,,,,,,
2,186,1957,50,29000,4,5,2,4,5,6,4,5,6,4,4,4,7,0,7,4,5,4,4,4,4,5,5,6,2,2,2,1,4,4,5,5,4,4,4,5,6,6,5,5,6,6,5,4,4,5,7,0,6,4,6,6,6,6,6,6,1,6,5,5,5,5,7,6,6,7,7,7,5,4,4,6,2,5,4,5,5,4,7,7,,,,,,,,,,,,,,,,,,,,,,,,,,,,,,,,,
2,187,1978,29,69000,6,5,2,7,7,7,7,7,7,0,1,1,7,7,7,7,7,7,7,7,7,7,7,7,6,1,1,1,7,7,4,4,7,4,7,1,7,7,7,7,7,7,7,7,7,7,4,7,7,7,7,5,5,7,7,7,1,7,7,7,7,7,4,4,4,7,7,7,7,7,7,4,5,3,6,6,6,5,7,7,,,,,,,,,,,,,,,,,,,,,,,,,,,,,,,,,
2,188,1958,49,85000,5,3,1,5,5,5,6,6,6,3,3,4,6,6,6,6,6,5,6,5,3,4,5,5,2,2,2,1,4,6,4,6,4,4,5,6,6,6,2,4,6,6,5,4,5,5,7,6,6,4,6,7,6,6,6,6,2,6,4,6,6,7,6,6,4,6,6,6,6,5,6,6,4,4,4,3,3,5,7,7,,,,,,,,,,,,,,,,,,,,,,,,,,,,,,,,,
2,189,1961,46,15,6,3,2,7,7,7,4,6,7,5,5,5,7,7,7,6,4,7,6,7,4,4,6,7,3,3,2,2,7,7,3,3,3,3,3,4,5,5,2,0,6,7,6,7,7,7,7,7,6,4,7,7,5,7,7,7,2,6,4,7,7,6,7,7,7,7,7,7,6,3,6,7,3,5,6,5,6,3,7,7,,,,,,,,,,,,,,,,,,,,,,,,,,,,,,,,,
2,191,1963,44,13000,7,4,2,7,7,7,7,7,7,1,1,1,1,1,2,7,6,6,7,7,4,4,5,6,4,3,2,1,7,0,4,5,5,6,6,6,6,1,4,4,4,4,3,3,2,3,7,7,7,4,7,7,7,7,6,6,1,7,7,6,6,4,7,7,7,7,7,7,7,4,4,6,5,7,5,5,5,5,7,7,,,,,,,,,,,,,,,,,,,,,,,,,,,,,,,,,
2,192,1981,26,66000,7,3,2,7,7,7,6,6,7,1,1,1,6,5,5,6,5,4,5,5,7,7,6,6,2,2,2,2,6,6,6,6,5,5,5,2,7,4,4,6,6,5,4,5,5,5,7,7,7,6,5,4,4,7,7,7,1,7,7,6,6,5,6,6,5,6,6,6,7,7,6,4,3,3,3,4,3,5,6,5,,,,,,,,,,,,,,,,,,,,,,,,,,,,,,,,,
2,199,1958,49,45000,7,4,2,6,6,6,6,6,6,1,1,1,7,7,7,7,7,7,7,7,7,7,7,7,1,1,1,1,7,7,7,7,7,7,7,7,7,7,7,7,7,7,7,7,7,7,7,7,7,7,7,7,7,7,7,7,1,7,7,7,7,7,4,4,4,7,7,7,7,7,7,7,3,3,5,5,4,7,7,7,,,,,,,,,,,,,,,,,,,,,,,,,,,,,,,,,
2,201,1959,48,68000,4,6,1,7,7,7,7,3,2,6,6,6,7,7,7,5,5,4,6,5,1,2,2,1,6,7,7,5,7,6,7,6,6,6,4,5,4,6,3,1,4,3,4,5,5,5,7,5,6,7,7,6,7,5,6,5,1,7,7,5,5,5,1,1,1,3,5,3,7,1,4,4,6,6,7,7,7,7,6,6,,,,,,,,,,,,,,,,,,,,,,,,,,,,,,,,,
2,202,1981,26,50000,7,6,1,1,7,6,2,6,6,2,2,2,2,4,4,6,6,6,7,6,6,5,5,6,2,3,3,4,6,6,6,6,3,3,3,6,5,3,2,3,3,3,2,0,3,3,1,1,1,1,1,1,1,2,2,2,1,6,6,6,6,5,6,6,7,6,6,6,5,6,5,5,6,6,6,7,7,4,7,4,,,,,,,,,,,,,,,,,,,,,,,,,,,,,,,,,
2,203,1973,34,40000,7,5,2,4,7,4,7,7,7,1,1,1,7,7,7,7,7,7,7,7,5,5,5,7,1,1,1,1,7,7,4,7,5,5,5,7,7,7,7,4,4,4,4,4,7,7,7,7,7,4,7,7,7,7,7,7,1,7,7,7,7,7,7,7,7,7,7,7,4,4,4,4,5,5,3,3,3,6,3,3,,,,,,,,,,,,,,,,,,,,,,,,,,,,,,,,,
2,204,1982,25,45000,5,6,2,4,4,4,5,5,5,3,3,3,7,7,7,3,3,3,3,3,5,5,5,5,2,2,2,2,7,7,7,7,4,4,4,5,5,5,5,4,4,5,5,5,5,5,5,5,5,4,5,4,5,6,6,6,2,6,6,4,4,5,4,4,4,4,4,4,5,4,5,5,3,5,5,5,5,4,4,4,,,,,,,,,,,,,,,,,,,,,,,,,,,,,,,,,
2,207,1969,38,68000,7,5,2,4,4,4,5,5,5,1,1,1,7,7,7,7,7,7,7,7,7,6,6,6,1,1,1,1,6,6,6,6,5,5,5,6,6,6,6,6,6,6,6,6,6,6,7,7,7,7,7,7,7,7,7,7,1,7,7,7,7,7,7,7,7,7,7,7,7,7,7,7,7,7,7,7,7,4,7,5,,,,,,,,,,,,,,,,,,,,,,,,,,,,,,,,,
2,208,1982,25,30000,7,4,2,7,7,7,7,7,7,1,1,1,1,1,1,7,7,7,7,7,7,7,7,7,3,2,1,1,7,7,7,7,7,7,7,4,5,5,5,7,7,7,7,7,7,7,7,7,7,5,7,7,7,7,7,7,1,7,4,4,4,4,7,7,7,7,7,7,7,7,7,6,5,4,4,3,3,4,7,6,,,,,,,,,,,,,,,,,,,,,,,,,,,,,,,,,
2,209,1929,78,0,2,5,2,6,6,6,6,6,6,7,7,7,7,7,7,6,6,6,6,6,4,4,4,4,2,2,2,2,4,4,4,6,6,6,6,4,4,4,4,4,4,4,4,4,4,4,3,4,4,6,3,3,2,6,6,6,2,6,6,6,6,5,6,6,6,6,6,6,7,7,7,3,3,3,4,4,4,5,5,3,,,,,,,,,,,,,,,,,,,,,,,,,,,,,,,,,
2,210,1962,45,40000,7,5,2,5,5,5,5,4,5,2,2,2,6,6,6,6,6,4,5,4,5,5,6,6,3,3,2,2,6,6,4,6,4,5,4,4,4,6,4,2,5,4,4,5,4,6,7,6,6,6,6,7,7,4,5,5,2,6,5,6,6,6,5,6,5,6,5,6,7,5,6,6,5,6,7,7,7,5,2,5,,,,,,,,,,,,,,,,,,,,,,,,,,,,,,,,,
2,211,1976,31,65000,7,7,2,4,4,4,7,7,7,4,4,4,7,7,7,7,7,7,7,7,7,7,7,7,1,1,1,1,7,7,7,7,7,7,7,7,7,7,7,7,7,7,7,7,7,7,7,7,7,4,7,7,7,7,7,7,1,7,7,7,7,7,7,7,7,7,7,7,7,7,7,4,4,4,6,6,6,4,7,7,,,,,,,,,,,,,,,,,,,,,,,,,,,,,,,,,
2,212,1960,47,21000,7,3,1,2,1,2,5,1,4,1,1,1,7,7,7,7,7,4,7,4,7,7,7,7,1,1,1,1,7,7,4,7,7,7,7,7,7,7,4,7,7,7,7,4,7,7,7,7,7,6,7,7,7,7,7,7,1,7,7,7,7,7,7,7,7,6,6,6,7,4,7,7,5,6,4,6,6,1,7,2,,,,,,,,,,,,,,,,,,,,,,,,,,,,,,,,,
2,213,1950,57,49000,5,7,2,4,5,5,5,5,5,6,6,7,7,7,7,5,4,6,4,6,3,4,4,5,2,2,2,2,6,6,6,6,7,7,7,5,4,6,3,2,4,4,4,4,4,4,2,4,4,3,2,1,1,6,5,6,2,6,6,3,4,3,7,7,7,4,4,4,5,2,4,2,2,6,7,7,7,6,4,5,,,,,,,,,,,,,,,,,,,,,,,,,,,,,,,,,
2,215,1979,28,35000,4,5,1,4,1,3,5,3,4,4,4,4,1,1,1,5,4,3,4,3,4,3,3,3,3,2,4,5,7,7,5,5,7,7,5,7,7,7,7,5,7,7,7,6,6,6,2,2,4,7,4,4,4,7,7,7,1,7,7,6,5,5,6,6,5,7,7,7,4,4,4,6,5,7,7,7,7,4,7,7,,,,,,,,,,,,,,,,,,,,,,,,,,,,,,,,,
2,216,1932,75,17000,5,4,2,6,6,7,7,6,7,1,1,1,7,7,7,7,7,7,7,7,7,7,7,7,1,1,1,1,4,4,4,4,6,5,7,6,7,4,4,7,7,4,6,7,7,7,4,6,6,4,4,4,4,7,7,7,1,7,7,6,6,4,6,7,6,7,7,7,6,6,6,4,2,2,4,4,4,4,6,6,,,,,,,,,,,,,,,,,,,,,,,,,,,,,,,,,
2,218,1958,49,40000,7,6,1,6,6,6,5,4,5,2,1,2,6,6,7,6,6,5,6,6,5,4,5,6,2,2,1,2,7,7,6,6,5,5,5,6,6,7,4,5,6,5,7,5,6,6,6,7,7,7,6,6,7,6,6,6,1,7,7,6,6,6,6,5,5,6,4,6,6,6,7,6,6,6,7,7,7,2,5,5,,,,,,,,,,,,,,,,,,,,,,,,,,,,,,,,,
2,219,1981,26,75000,5,3,1,7,6,6,7,6,7,6,7,7,7,6,7,7,6,7,7,6,7,6,6,7,6,7,6,7,7,6,7,6,7,6,7,6,7,6,7,7,6,5,6,7,6,7,6,5,6,7,6,7,6,7,6,7,6,6,7,6,7,7,7,6,7,6,7,6,5,6,7,6,7,6,7,7,6,5,6,7,,,,,,,,,,,,,,,,,,,,,,,,,,,,,,,,,
2,220,1958,49,75000,7,3,2,7,7,7,7,7,7,1,1,1,7,7,7,5,6,7,7,7,7,7,7,7,1,1,1,1,7,7,4,7,4,4,7,4,7,7,4,7,7,7,7,7,4,7,7,7,7,4,7,7,7,7,7,7,4,7,7,7,7,7,7,7,7,7,7,7,7,7,7,7,4,5,6,4,6,2,7,7,,,,,,,,,,,,,,,,,,,,,,,,,,,,,,,,,
2,222,1973,34,75000,6,6,1,5,5,5,6,5,5,3,3,3,6,6,6,6,6,5,5,6,6,5,6,4,3,3,3,3,6,6,4,5,4,4,4,5,5,5,3,4,5,5,4,5,5,5,7,7,6,7,7,7,7,5,5,5,3,5,5,6,6,6,5,5,5,5,5,5,5,5,5,5,4,5,5,5,5,3,5,5,,,,,,,,,,,,,,,,,,,,,,,,,,,,,,,,,
2,223,1982,25,59000,7,4,2,5,5,7,6,6,6,4,4,4,4,4,5,6,5,4,4,5,5,5,5,5,2,2,2,2,5,5,4,4,7,4,4,5,6,5,4,4,4,4,6,6,4,4,7,7,7,7,7,6,7,6,6,5,2,5,5,6,6,5,5,5,5,7,7,7,6,6,6,4,4,3,5,5,0,3,5,3,,,,,,,,,,,,,,,,,,,,,,,,,,,,,,,,,
2,225,1958,49,43000,6,1,2,7,7,7,4,4,4,1,1,1,7,7,7,4,4,6,4,5,4,4,5,6,4,1,1,1,7,7,7,7,4,4,4,4,7,7,4,4,7,7,7,0,7,7,7,7,7,4,7,7,7,7,7,7,1,7,4,7,7,4,4,4,4,4,4,4,7,4,7,4,4,4,7,7,7,4,4,4,,,,,,,,,,,,,,,,,,,,,,,,,,,,,,,,,
2,226,1973,34,80000,3,4,2,3,2,3,3,2,5,4,3,3,5,2,2,3,2,3,4,5,2,3,2,4,4,2,2,3,5,3,2,3,2,2,3,2,3,4,4,3,2,3,2,1,2,3,3,3,5,4,6,3,2,3,2,3,4,5,3,5,3,2,3,3,2,3,5,6,2,2,1,2,3,2,3,5,4,3,2,3,,,,,,,,,,,,,,,,,,,,,,,,,,,,,,,,,
2,228,1988,19,500000,0,5,2,5,5,6,5,6,5,1,1,1,4,4,4,7,7,7,7,7,6,6,6,6,4,0,4,4,7,7,7,7,6,6,6,7,7,7,7,4,6,6,6,6,6,6,7,7,7,6,7,7,7,7,7,7,3,6,6,7,7,7,4,4,4,6,6,6,7,5,5,6,5,5,5,5,6,4,3,4,,,,,,,,,,,,,,,,,,,,,,,,,,,,,,,,,
2,229,1975,32,78000,3,5,1,3,5,3,5,3,4,2,3,2,5,4,3,3,2,1,2,2,0,3,2,4,2,3,3,3,2,1,2,3,5,3,4,3,2,3,3,5,2,3,2,3,5,3,3,2,3,2,3,3,5,4,3,2,1,2,2,5,3,2,3,3,2,5,3,3,2,3,4,3,3,2,2,2,3,6,3,2,,,,,,,,,,,,,,,,,,,,,,,,,,,,,,,,,
2,230,1955,52,60000,6,6,1,6,6,6,7,6,6,2,2,2,6,6,6,6,6,6,6,6,6,6,5,6,1,1,1,1,4,4,6,6,5,5,5,4,5,5,4,6,6,6,6,6,6,6,3,4,4,4,4,4,4,6,6,6,2,6,6,5,5,5,4,4,4,5,5,5,4,4,4,4,4,4,4,4,4,5,5,5,,,,,,,,,,,,,,,,,,,,,,,,,,,,,,,,,
2,232,1934,73,45000,7,3,2,7,7,7,7,7,0,1,1,4,6,7,7,7,4,7,7,7,7,7,7,0,1,1,1,1,7,7,4,7,4,4,4,4,6,7,4,4,4,4,4,7,4,7,7,7,7,7,7,7,7,7,7,0,0,7,7,7,7,7,0,4,0,7,5,4,7,7,4,4,4,1,1,1,2,4,6,6,,,,,,,,,,,,,,,,,,,,,,,,,,,,,,,,,
2,233,1968,39,50000,6,7,2,5,6,7,7,7,7,1,1,1,6,7,7,7,7,7,7,7,7,7,7,7,1,1,1,1,7,7,7,6,4,4,4,7,7,7,4,7,7,7,7,7,7,7,7,7,7,6,4,4,5,7,7,7,1,1,1,5,5,5,4,4,4,5,5,5,7,7,7,4,4,4,5,5,5,1,1,1,,,,,,,,,,,,,,,,,,,,,,,,,,,,,,,,,
2,237,1976,31,72000,3,5,2,2,2,3,5,5,2,1,2,3,4,2,3,2,2,1,2,3,5,3,2,3,3,3,2,2,5,3,3,2,2,3,3,4,4,3,2,1,2,2,3,5,4,3,3,3,3,2,3,3,3,2,5,3,3,2,5,2,4,3,3,2,2,2,3,4,3,3,2,3,3,2,5,3,2,3,0,3,,,,,,,,,,,,,,,,,,,,,,,,,,,,,,,,,
2,239,1959,48,0,2,2,1,4,4,5,5,4,6,1,1,1,7,7,7,5,4,5,5,5,5,5,5,5,3,2,5,3,5,5,5,5,4,4,4,5,5,5,4,4,5,5,4,5,4,5,6,5,6,4,6,6,6,5,5,5,2,5,4,5,5,5,4,4,4,6,6,6,5,4,5,2,2,2,4,4,4,4,5,6,,,,,,,,,,,,,,,,,,,,,,,,,,,,,,,,,
2,240,1925,82,47000,7,7,2,7,7,4,7,7,4,1,1,1,7,7,7,7,7,7,5,5,7,7,7,7,1,1,1,1,7,7,7,7,7,7,7,7,7,7,7,7,7,7,7,7,7,7,7,7,7,7,7,7,7,7,7,7,1,7,7,7,7,7,2,2,2,7,7,7,7,7,7,5,6,6,2,2,2,2,7,7,,,,,,,,,,,,,,,,,,,,,,,,,,,,,,,,,
2,241,1974,33,65000,2,5,2,6,3,2,5,2,5,4,3,2,3,4,5,3,3,5,3,4,2,3,5,3,2,3,2,3,3,3,2,2,5,3,3,2,5,3,2,3,5,4,3,2,3,5,3,2,3,3,3,5,3,6,5,3,3,2,3,5,3,3,3,5,4,3,3,2,5,3,6,2,2,3,3,3,4,4,5,3,,,,,,,,,,,,,,,,,,,,,,,,,,,,,,,,,
2,243,1977,30,75600,3,6,1,2,2,3,5,0,3,5,3,2,3,2,3,5,2,3,3,5,5,6,3,2,2,3,3,2,3,5,3,2,2,3,5,3,4,3,2,2,1,3,2,3,1,5,5,2,3,1,4,5,3,5,2,3,3,2,6,5,3,2,3,5,3,2,1,3,5,2,3,1,2,3,5,3,6,5,2,5,,,,,,,,,,,,,,,,,,,,,,,,,,,,,,,,,
2,244,1970,37,80000,5,5,1,3,3,2,3,3,2,4,3,2,1,3,3,5,3,2,3,2,5,2,3,3,5,5,3,2,5,2,2,2,2,3,2,3,2,4,2,3,5,3,2,2,3,3,4,3,2,3,2,3,2,3,5,3,3,2,3,3,2,3,2,3,5,3,2,3,4,3,2,2,5,2,2,3,5,3,2,3,,,,,,,,,,,,,,,,,,,,,,,,,,,,,,,,,
2,245,1974,33,79000,3,6,1,3,3,2,2,2,3,5,3,2,1,2,3,5,3,5,5,3,2,2,3,5,3,2,2,3,2,3,3,2,4,3,2,3,2,3,5,3,3,2,3,2,3,3,5,6,3,3,2,3,5,3,3,2,3,5,3,2,2,2,2,3,0,5,3,2,5,3,2,2,2,6,4,3,2,3,2,2,,,,,,,,,,,,,,,,,,,,,,,,,,,,,,,,,
2,247,1960,47,15000,6,6,2,5,5,6,5,5,6,2,1,2,7,7,7,7,6,7,7,7,7,7,7,7,1,1,1,1,7,7,6,6,4,5,5,7,7,7,3,6,7,7,7,6,6,6,7,7,7,4,7,7,7,7,7,7,2,6,5,7,7,7,7,7,7,6,7,6,6,3,6,5,2,5,7,7,7,3,7,7,,,,,,,,,,,,,,,,,,,,,,,,,,,,,,,,,
2,248,1978,29,60000,7,6,2,7,7,7,4,4,4,7,7,7,5,6,5,7,4,5,4,6,4,4,4,7,1,1,1,1,0,7,3,7,7,7,7,2,5,4,1,4,4,5,3,6,4,5,7,7,7,7,7,7,7,7,7,7,1,7,7,7,7,5,5,4,3,2,3,4,7,1,7,5,7,6,7,7,7,6,6,7,,,,,,,,,,,,,,,,,,,,,,,,,,,,,,,,,
2,249,1960,47,19000,5,2,2,6,6,6,6,6,6,4,4,4,7,7,7,6,6,6,6,6,6,6,6,6,2,2,2,2,4,4,4,4,4,4,4,5,6,0,5,5,5,5,4,5,5,5,6,6,6,6,5,5,5,5,5,5,4,4,6,6,6,5,5,5,5,7,7,7,6,6,6,5,4,4,4,4,4,4,5,4,,,,,,,,,,,,,,,,,,,,,,,,,,,,,,,,,
2,250,1970,37,74000,2,5,2,3,2,2,2,3,3,5,5,3,2,2,3,2,2,3,5,5,3,2,2,4,3,2,1,3,5,3,2,3,5,3,3,2,2,3,5,3,3,2,3,3,5,3,2,2,3,3,3,5,3,2,3,3,5,3,2,3,2,3,3,3,5,2,2,3,3,4,3,2,3,3,4,3,2,3,2,3,,,,,,,,,,,,,,,,,,,,,,,,,,,,,,,,,
2,251,1978,29,71000,2,4,2,6,6,3,2,2,3,2,2,5,5,3,2,2,3,2,2,3,5,3,3,2,3,2,3,5,3,3,5,2,3,2,3,5,5,3,3,2,3,2,2,3,5,3,3,2,2,3,3,2,3,3,5,3,2,3,3,3,2,3,5,5,2,2,3,1,3,3,2,3,3,5,3,3,2,2,2,5,,,,,,,,,,,,,,,,,,,,,,,,,,,,,,,,,
2,252,1967,40,90000,3,5,2,3,2,2,3,2,3,4,3,3,2,3,2,5,3,2,3,2,3,3,6,3,2,2,5,3,3,2,1,2,3,5,3,2,5,5,3,2,3,5,3,2,2,3,5,3,2,3,2,3,5,5,3,2,3,2,2,3,5,3,3,2,3,5,3,3,2,2,3,5,3,3,2,2,3,5,3,2,,,,,,,,,,,,,,,,,,,,,,,,,,,,,,,,,
2,254,1945,62,5000,7,5,1,3,5,5,7,7,7,2,2,2,7,7,7,7,7,6,6,5,6,7,7,6,2,1,1,1,7,7,7,7,7,7,7,6,7,7,5,5,5,6,7,5,6,6,7,7,7,6,7,7,7,6,6,6,1,7,7,6,6,6,4,4,4,6,6,6,7,6,6,6,5,5,4,4,4,2,2,3,,,,,,,,,,,,,,,,,,,,,,,,,,,,,,,,,
2,255,1959,48,55000,5,6,1,5,4,4,5,5,5,4,4,4,4,4,4,6,6,6,6,6,5,5,5,5,2,2,2,2,5,5,4,4,5,5,5,5,5,5,4,4,4,4,0,4,4,4,6,6,6,6,6,6,6,6,6,6,2,6,5,6,6,6,4,4,4,4,4,4,4,4,4,5,5,5,6,6,6,6,6,6,,,,,,,,,,,,,,,,,,,,,,,,,,,,,,,,,
2,257,1971,36,87000,2,4,1,3,2,2,3,5,3,3,2,3,3,5,3,3,2,3,3,5,3,3,2,2,3,5,3,2,2,3,5,3,2,3,5,3,2,3,5,3,3,2,2,5,3,3,2,2,3,3,5,6,3,2,3,2,2,3,5,3,3,3,3,2,3,5,3,3,2,3,5,3,3,2,2,3,3,6,2,6,,,,,,,,,,,,,,,,,,,,,,,,,,,,,,,,,
2,258,1966,41,68000,2,4,1,3,2,2,3,3,2,2,5,6,6,3,2,3,1,2,2,5,6,3,3,2,2,2,3,2,3,2,3,2,3,5,3,3,5,5,3,2,2,2,3,3,5,3,3,6,3,2,2,5,3,3,5,3,2,2,3,3,2,6,3,2,3,2,3,5,3,2,2,3,3,5,3,2,3,5,3,3,,,,,,,,,,,,,,,,,,,,,,,,,,,,,,,,,
2,260,1950,57,0,7,5,2,6,6,6,7,7,7,1,1,2,7,7,7,6,6,4,4,6,5,4,4,4,2,2,1,1,6,6,6,4,6,6,6,6,6,6,4,3,4,1,3,4,4,4,7,6,6,4,7,6,6,6,6,6,2,6,6,6,6,5,6,6,6,7,7,7,6,6,7,4,4,3,4,4,3,5,7,7,,,,,,,,,,,,,,,,,,,,,,,,,,,,,,,,,
2,261,1950,57,52000,7,4,2,5,5,7,4,3,5,1,1,4,7,7,7,7,7,7,7,7,3,3,4,5,5,5,5,3,4,4,5,7,2,3,3,5,7,7,7,7,7,3,7,7,7,7,7,4,4,5,7,7,7,7,7,7,1,7,7,7,7,7,7,7,7,3,3,3,7,7,7,4,1,3,7,7,7,7,7,7,,,,,,,,,,,,,,,,,,,,,,,,,,,,,,,,,
2,262,1973,34,73500,2,5,1,3,2,3,5,3,3,2,2,3,3,5,5,3,2,3,5,3,2,5,3,2,3,5,3,3,3,3,2,2,3,5,3,2,3,3,5,3,2,2,3,5,2,3,2,3,2,3,5,3,2,2,5,5,3,3,3,5,3,2,2,2,3,3,5,3,2,3,2,3,2,3,3,2,3,5,3,3,,,,,,,,,,,,,,,,,,,,,,,,,,,,,,,,,
2,264,1982,25,64000,3,4,2,3,2,2,5,3,2,3,3,2,3,5,3,3,3,5,3,2,2,3,2,3,2,5,3,3,3,2,3,3,2,3,5,3,2,3,2,3,5,3,3,5,2,5,3,2,5,3,2,3,6,3,2,3,5,3,2,1,3,5,3,2,5,3,2,2,3,3,5,2,3,5,3,2,1,2,3,2,,,,,,,,,,,,,,,,,,,,,,,,,,,,,,,,,
2,265,1929,78,1,6,6,1,5,6,7,5,5,5,1,1,1,7,7,7,5,5,4,4,4,6,6,7,6,1,1,1,1,4,4,4,5,6,6,6,4,6,4,4,4,4,4,4,4,5,5,4,5,4,4,4,4,5,4,4,4,2,5,5,4,5,4,6,5,5,6,6,6,7,4,5,4,3,2,2,2,2,4,4,4,,,,,,,,,,,,,,,,,,,,,,,,,,,,,,,,,
2,266,1984,23,12000,7,4,2,5,6,5,7,7,7,1,1,1,7,6,6,7,7,7,7,7,7,7,7,7,1,1,1,1,7,7,7,7,6,6,6,7,7,7,7,7,7,7,7,7,7,7,7,7,7,7,7,7,7,7,7,7,1,7,7,7,7,7,4,4,4,7,0,7,7,7,0,4,4,6,7,7,7,4,5,4,,,,,,,,,,,,,,,,,,,,,,,,,,,,,,,,,
2,267,1975,32,69800,2,5,1,3,2,2,5,3,3,2,3,3,5,3,2,5,3,2,2,3,2,3,3,5,3,3,2,3,5,3,2,2,3,3,5,5,5,3,2,3,2,3,2,3,5,3,5,3,2,3,3,2,5,5,3,2,3,3,3,5,3,3,3,2,2,5,0,5,3,2,3,2,3,5,5,3,2,3,3,5,,,,,,,,,,,,,,,,,,,,,,,,,,,,,,,,,
2,268,1966,41,50000,7,5,2,7,7,7,7,7,7,1,1,2,7,7,4,7,7,7,7,7,6,6,7,7,1,1,1,1,7,7,7,7,7,7,7,5,5,5,3,6,6,6,3,6,6,7,7,7,7,7,7,7,7,7,7,7,1,6,7,6,6,6,2,2,2,6,6,6,7,7,7,3,4,6,6,6,6,7,7,7,,,,,,,,,,,,,,,,,,,,,,,,,,,,,,,,,
2,269,1987,20,5000,4,3,2,1,1,1,5,5,5,5,5,5,5,5,5,5,5,5,5,5,5,5,5,5,5,5,5,5,5,5,5,5,5,5,5,5,5,5,5,5,5,5,5,5,5,5,5,5,5,5,7,0,6,7,7,7,1,1,1,6,5,6,2,2,2,7,7,7,7,7,5,6,4,5,5,5,5,3,6,5,,,,,,,,,,,,,,,,,,,,,,,,,,,,,,,,,
2,270,1934,73,50000,7,7,1,5,5,5,6,6,6,1,1,1,5,5,5,6,6,6,6,6,6,6,6,6,1,1,1,1,6,6,6,6,6,6,6,6,6,6,6,4,6,6,7,7,7,7,7,7,7,7,7,7,7,7,7,7,1,7,7,7,7,7,7,7,7,7,7,7,7,7,7,3,3,3,5,5,5,1,7,7,,,,,,,,,,,,,,,,,,,,,,,,,,,,,,,,,
2,271,1958,49,40000,6,4,2,4,4,4,5,5,6,1,1,3,6,6,6,6,6,5,5,5,4,4,4,4,3,3,3,3,5,5,4,4,4,4,4,4,4,4,4,5,4,5,4,4,4,5,7,6,7,4,7,7,7,6,6,6,1,6,4,6,6,6,4,4,4,6,6,6,6,6,6,4,4,4,6,6,6,3,7,4,,,,,,,,,,,,,,,,,,,,,,,,,,,,,,,,,
2,273,1957,50,45000,4,7,1,4,4,4,6,5,6,2,2,2,7,7,7,6,6,4,5,4,6,6,6,6,2,2,2,2,5,6,6,6,6,6,6,6,6,6,4,6,6,6,6,6,5,5,7,7,7,4,7,7,6,5,6,5,2,6,5,7,7,7,5,5,5,5,6,6,6,4,4,5,4,4,5,5,5,3,6,5,,,,,,,,,,,,,,,,,,,,,,,,,,,,,,,,,
2,274,1961,46,46000,2,6,2,6,5,7,7,7,7,4,4,4,7,7,7,5,3,6,4,5,4,4,5,4,4,4,4,4,4,4,4,4,4,4,4,4,0,4,4,4,4,0,4,4,5,4,4,4,4,4,3,4,3,6,6,6,3,4,5,7,7,7,4,4,4,3,5,4,4,3,4,2,1,1,1,1,1,4,7,6,,,,,,,,,,,,,,,,,,,,,,,,,,,,,,,,,
2,276,1957,50,18000,7,3,2,7,7,7,7,7,7,1,1,1,7,7,7,6,6,6,6,6,7,7,7,7,1,1,2,1,7,7,7,7,4,4,4,7,7,7,7,7,7,7,7,4,4,4,7,7,7,7,7,7,4,7,7,7,1,7,7,7,7,7,7,7,7,7,7,7,7,7,7,1,1,1,4,1,1,4,7,4,,,,,,,,,,,,,,,,,,,,,,,,,,,,,,,,,
2,277,1980,27,1,6,6,2,5,4,4,7,7,7,4,4,4,7,7,7,7,4,7,7,7,4,4,1,4,1,1,1,1,7,7,7,7,4,4,4,7,7,7,5,7,6,7,4,6,4,4,7,4,4,1,7,7,6,7,5,6,1,7,7,6,5,5,7,7,7,7,7,7,7,7,7,2,2,2,4,4,4,2,7,7,,,,,,,,,,,,,,,,,,,,,,,,,,,,,,,,,
2,278,1962,45,40000,4,4,2,4,4,4,5,5,6,2,2,2,7,7,7,4,4,4,4,4,0,4,4,4,4,4,4,4,4,4,4,4,4,4,0,0,4,4,4,4,4,4,4,4,4,4,5,5,5,5,6,6,6,5,5,5,4,4,4,4,4,4,4,4,4,4,4,4,4,0,0,4,4,4,4,4,4,4,4,4,,,,,,,,,,,,,,,,,,,,,,,,,,,,,,,,,
2,279,1978,29,60000,5,5,1,3,3,3,3,3,3,2,2,2,6,6,6,5,5,5,5,5,4,5,5,5,3,3,3,3,5,5,5,5,4,4,4,4,4,5,4,4,4,4,4,5,4,5,7,6,6,6,6,6,6,6,6,6,3,5,5,5,5,5,7,7,7,6,6,6,6,6,6,5,5,6,6,6,6,4,7,7,,,,,,,,,,,,,,,,,,,,,,,,,,,,,,,,,
2,281,1951,56,90000,6,7,2,7,7,7,7,7,7,1,1,1,7,7,7,5,5,5,5,5,5,5,6,6,1,1,1,2,6,6,6,6,6,6,6,6,6,6,6,6,6,6,5,6,0,6,7,7,7,7,6,5,5,6,6,0,2,6,6,6,6,4,5,5,5,6,6,6,6,6,6,6,5,6,6,6,5,3,6,4,,,,,,,,,,,,,,,,,,,,,,,,,,,,,,,,,
2,283,1932,75,15000,7,6,2,7,7,7,7,7,7,1,1,1,7,7,7,7,7,7,7,7,6,6,6,6,2,2,1,2,4,4,0,4,4,4,4,5,5,5,4,5,5,5,7,7,7,7,7,7,7,7,7,7,7,7,7,7,1,7,7,7,7,7,7,7,7,7,7,7,7,0,4,2,1,3,5,5,5,2,7,5,,,,,,,,,,,,,,,,,,,,,,,,,,,,,,,,,
2,284,1954,53,50000,2,2,1,5,5,5,6,6,5,2,2,2,6,6,6,6,6,6,6,5,5,5,5,4,5,4,4,3,5,5,6,6,5,5,5,4,4,4,4,4,4,5,5,5,5,4,3,4,4,3,4,3,3,4,4,4,7,6,6,6,5,5,6,6,5,6,6,6,5,6,6,5,3,2,2,1,2,5,6,7,,,,,,,,,,,,,,,,,,,,,,,,,,,,,,,,,
2,285,1960,47,40000,7,5,2,7,7,7,7,7,7,7,7,7,7,7,7,7,7,7,7,7,6,6,6,7,1,1,1,1,1,1,1,1,4,4,4,7,7,7,7,7,7,7,7,7,7,7,7,7,7,7,7,7,7,7,7,7,1,7,7,7,7,7,7,7,7,7,7,7,7,7,7,7,7,7,5,5,5,5,7,7,,,,,,,,,,,,,,,,,,,,,,,,,,,,,,,,,
2,286,1968,39,82000,4,5,1,3,3,5,4,3,5,5,4,3,2,3,4,5,5,4,4,3,3,3,3,3,4,5,6,7,6,5,4,3,3,4,6,5,5,5,7,5,6,4,4,3,3,4,5,6,7,7,5,4,4,4,4,5,5,7,5,4,4,5,3,5,4,4,3,3,3,5,4,5,6,5,5,4,3,3,3,3,,,,,,,,,,,,,,,,,,,,,,,,,,,,,,,,,
2,287,1929,78,14000,7,4,2,7,7,6,7,7,6,1,1,1,1,7,6,6,6,7,6,5,6,6,6,6,2,2,1,1,7,7,7,7,2,2,1,6,7,6,6,6,6,6,7,7,6,6,7,7,7,7,7,7,7,6,6,6,1,7,7,7,7,7,4,4,4,6,6,6,7,7,7,4,2,2,2,2,2,6,6,6,,,,,,,,,,,,,,,,,,,,,,,,,,,,,,,,,
2,288,1964,43,55000,4,2,2,3,3,3,7,4,4,2,2,2,7,7,7,7,7,7,7,7,7,7,7,7,2,2,2,2,6,6,6,6,6,6,6,6,6,7,7,7,7,7,7,7,4,4,7,7,7,4,7,7,7,7,7,7,1,7,7,4,4,7,7,7,7,7,7,7,7,7,7,4,5,6,5,6,6,4,7,7,,,,,,,,,,,,,,,,,,,,,,,,,,,,,,,,,
2,289,1962,45,10000,7,4,2,7,7,7,6,6,6,7,7,7,7,7,7,7,7,7,7,7,6,7,6,7,4,4,4,4,7,7,4,7,7,7,7,6,6,6,5,4,7,7,4,7,6,6,7,6,7,7,7,7,7,7,7,7,4,6,5,7,7,7,7,7,7,7,7,7,7,6,5,4,4,4,7,7,7,5,6,7,,,,,,,,,,,,,,,,,,,,,,,,,,,,,,,,,
2,290,1955,52,65000,7,4,2,5,5,5,5,5,5,1,1,1,7,7,7,5,4,5,5,5,5,5,4,4,3,3,3,3,5,5,4,5,4,4,4,5,5,5,4,5,5,5,5,4,4,4,6,4,4,4,6,5,4,6,6,6,2,5,4,6,6,5,5,5,5,4,6,5,6,4,6,4,4,4,4,4,4,4,7,5,,,,,,,,,,,,,,,,,,,,,,,,,,,,,,,,,
2,291,1959,48,50000,6,5,2,7,6,6,7,7,0,5,5,5,7,7,7,7,6,7,7,7,6,6,7,7,2,2,2,3,7,7,6,6,6,6,6,6,7,7,7,4,6,6,7,7,7,7,7,7,7,7,7,7,7,7,6,6,1,7,7,7,7,7,7,7,7,7,7,7,7,7,7,6,5,6,5,0,6,3,7,7,,,,,,,,,,,,,,,,,,,,,,,,,,,,,,,,,
2,292,1971,36,65000,5,5,1,5,5,5,6,6,6,1,1,1,7,7,7,5,5,5,5,6,5,4,0,5,2,3,3,3,5,5,5,5,5,5,5,4,4,4,5,5,5,5,5,5,5,5,7,6,6,6,6,6,6,5,6,6,2,5,5,5,5,5,6,6,6,4,4,4,6,3,5,4,4,4,6,6,6,4,5,5,,,,,,,,,,,,,,,,,,,,,,,,,,,,,,,,,
2,295,1929,78,14000,4,5,2,1,1,1,1,1,1,1,1,1,4,4,4,1,1,1,1,1,1,1,1,1,7,7,7,7,4,4,4,4,1,1,1,1,4,4,0,4,4,4,4,4,4,4,4,1,1,4,4,1,1,4,4,4,7,1,1,7,7,7,4,4,4,5,5,5,4,1,1,4,6,7,1,1,1,7,7,7,,,,,,,,,,,,,,,,,,,,,,,,,,,,,,,,,
2,297,1960,47,0,7,3,2,6,6,6,7,7,7,1,1,1,7,7,7,4,4,6,4,6,6,6,6,6,2,2,2,2,7,7,7,7,7,7,7,7,7,7,6,7,7,7,7,7,7,7,6,6,6,6,6,6,6,6,6,6,1,6,4,6,6,6,6,6,6,7,7,7,7,7,7,6,4,4,5,6,6,4,7,4,,,,,,,,,,,,,,,,,,,,,,,,,,,,,,,,,
2,298,1984,23,70000,7,4,2,7,7,7,7,5,6,1,1,1,7,7,7,7,4,4,4,7,5,6,6,6,2,2,2,1,7,7,7,7,7,7,7,5,6,6,6,7,7,7,7,6,6,6,7,7,7,7,7,7,7,7,7,7,1,7,7,7,7,7,2,2,6,4,4,4,7,7,7,7,2,5,7,7,7,4,3,3,,,,,,,,,,,,,,,,,,,,,,,,,,,,,,,,,
2,299,1973,34,60000,5,5,2,6,6,7,0,6,5,1,1,4,7,7,5,6,6,6,6,6,5,5,6,5,2,2,2,1,7,7,4,6,4,4,4,4,5,5,4,4,4,4,4,4,4,4,7,7,6,2,6,6,5,5,6,7,1,7,6,5,5,5,7,7,7,6,5,7,5,4,4,5,5,4,5,6,0,5,5,4,,,,,,,,,,,,,,,,,,,,,,,,,,,,,,,,,
2,300,1958,49,95000,7,7,1,4,5,6,6,6,7,3,2,1,2,2,2,7,7,7,7,7,7,7,7,7,2,2,2,4,6,6,5,5,7,0,7,6,6,6,5,5,6,6,4,6,5,5,7,7,7,5,7,7,7,7,7,7,2,7,7,6,6,6,7,7,7,7,7,7,7,6,7,6,6,6,7,7,7,5,7,7,,,,,,,,,,,,,,,,,,,,,,,,,,,,,,,,,
2,302,1982,25,30000,7,4,2,6,6,6,6,6,6,1,1,1,7,7,7,6,5,7,4,6,4,2,4,4,2,2,2,2,7,4,5,6,5,5,5,5,5,5,5,7,7,7,4,6,6,6,7,7,7,4,7,7,7,7,7,6,2,6,6,6,6,6,6,6,6,7,7,7,7,7,7,4,4,4,6,6,6,5,7,7,,,,,,,,,,,,,,,,,,,,,,,,,,,,,,,,,
2,303,1961,46,35000,4,3,1,4,3,4,5,5,5,4,4,4,4,4,4,4,4,5,5,5,4,4,5,3,4,5,4,4,5,5,5,5,5,5,5,5,6,6,5,6,4,6,6,4,6,6,6,5,5,5,6,6,6,6,6,6,4,4,4,4,4,6,5,6,6,7,7,7,7,7,7,7,6,6,6,6,6,6,6,6,,,,,,,,,,,,,,,,,,,,,,,,,,,,,,,,,
2,304,1967,40,36000,7,6,1,6,7,7,7,7,7,1,1,1,5,5,6,6,6,6,6,6,6,7,7,7,1,1,1,1,7,7,7,7,4,4,4,7,7,7,4,7,6,0,0,6,7,7,7,7,7,7,6,7,7,7,7,7,1,7,6,7,7,7,7,7,7,7,7,7,7,7,7,6,7,7,7,7,7,4,7,7,,,,,,,,,,,,,,,,,,,,,,,,,,,,,,,,,
2,305,1957,50,1,7,5,1,5,5,5,7,7,7,2,2,2,4,4,4,6,6,6,6,6,6,6,6,6,2,2,2,2,6,6,6,6,5,5,5,5,5,5,5,5,5,5,5,5,5,5,7,7,7,4,7,7,7,7,7,7,1,7,7,6,6,6,4,4,4,4,4,4,7,7,7,4,2,2,4,4,4,6,6,6,,,,,,,,,,,,,,,,,,,,,,,,,,,,,,,,,
2,307,1970,37,76600,6,6,2,6,6,6,5,5,5,6,6,6,4,4,4,6,6,6,6,6,5,5,5,6,6,4,5,4,5,5,5,5,4,4,4,6,5,5,5,5,5,5,5,5,5,5,7,6,6,5,6,6,6,5,5,5,5,6,5,5,5,6,6,6,6,6,6,6,7,7,7,6,6,6,7,6,7,7,7,7,,,,,,,,,,,,,,,,,,,,,,,,,,,,,,,,,
2,308,1956,51,42100,5,5,2,4,5,5,6,6,6,1,1,1,6,6,6,6,6,6,6,6,6,6,6,6,2,2,2,2,6,6,4,5,4,4,4,5,6,6,5,6,6,4,6,6,6,6,6,6,6,6,6,6,6,6,6,6,2,6,6,6,6,6,5,5,6,5,5,6,6,4,4,3,2,2,4,4,3,2,2,5,,,,,,,,,,,,,,,,,,,,,,,,,,,,,,,,,
2,312,1972,35,52000,6,5,2,5,5,5,7,7,7,2,2,2,7,7,7,6,4,4,4,6,5,5,4,5,2,4,2,2,6,6,5,5,7,6,6,4,6,7,4,4,6,4,6,6,4,4,7,7,7,7,7,7,7,7,7,7,1,7,6,6,6,5,4,4,4,5,5,5,5,5,5,2,1,1,1,1,1,4,7,7,,,,,,,,,,,,,,,,,,,,,,,,,,,,,,,,,
2,314,1962,45,100000,6,6,2,4,4,4,5,5,5,2,2,2,4,4,4,5,5,5,5,5,5,5,6,6,1,1,1,1,7,6,6,7,6,6,6,6,7,7,6,6,6,6,6,6,4,6,6,7,7,4,6,6,6,7,7,7,1,6,6,6,6,6,7,7,7,7,7,7,6,6,6,5,4,4,5,5,5,2,6,6,,,,,,,,,,,,,,,,,,,,,,,,,,,,,,,,,
2,316,1958,49,75000,4,3,1,6,6,7,7,6,7,7,7,7,6,7,7,7,7,7,7,7,6,6,7,6,4,5,5,6,6,6,7,0,4,5,6,5,0,6,5,4,6,5,5,5,0,5,6,6,7,6,6,6,6,6,6,6,6,6,0,4,4,4,6,6,6,6,6,6,5,5,5,5,5,4,4,4,4,4,4,4,,,,,,,,,,,,,,,,,,,,,,,,,,,,,,,,,
2,317,1986,21,20000,7,5,2,7,7,7,6,6,6,1,2,2,7,7,7,7,7,5,4,5,6,6,7,7,1,1,1,1,7,6,7,7,1,1,1,7,6,7,4,4,7,7,7,7,4,4,7,7,7,7,7,7,7,7,7,7,1,7,5,7,6,6,7,7,7,7,7,7,7,7,7,4,7,6,6,7,6,1,4,7,,,,,,,,,,,,,,,,,,,,,,,,,,,,,,,,,
2,318,1970,37,350000,7,6,2,6,6,6,7,6,6,2,2,2,5,4,4,6,5,5,6,5,4,5,4,6,2,1,2,2,4,3,4,3,3,4,3,3,5,5,4,4,5,5,5,4,5,4,6,6,6,5,5,6,6,5,6,6,2,6,5,5,5,4,5,5,5,5,5,5,5,5,4,6,6,6,6,6,6,4,5,5,,,,,,,,,,,,,,,,,,,,,,,,,,,,,,,,,
2,319,1965,42,34000,5,4,1,7,7,7,7,7,7,4,5,7,7,7,7,5,6,6,7,7,4,5,5,6,2,2,2,2,7,7,6,7,6,6,6,4,6,6,4,0,5,4,5,4,4,4,7,6,6,4,7,7,7,7,7,7,2,6,6,7,7,6,7,7,7,7,7,7,4,2,4,6,4,6,7,7,7,5,6,6,,,,,,,,,,,,,,,,,,,,,,,,,,,,,,,,,
2,321,1950,57,70000,6,6,2,5,5,5,5,5,5,2,2,2,6,5,4,6,5,6,6,6,6,5,6,6,2,2,1,1,6,6,5,3,6,3,6,6,6,6,3,5,3,6,6,6,5,6,6,6,6,6,3,6,6,6,6,6,2,6,6,5,6,3,7,7,7,7,7,7,6,7,7,3,2,3,5,3,3,5,5,5,,,,,,,,,,,,,,,,,,,,,,,,,,,,,,,,,
2,322,1958,49,0,6,7,1,4,4,4,4,4,4,4,4,4,4,4,4,4,4,4,4,4,4,4,4,4,4,4,4,4,4,4,4,4,4,4,4,4,4,4,4,4,4,4,4,4,4,4,4,4,4,4,4,4,4,4,4,4,4,4,4,4,4,4,3,3,3,4,4,5,5,5,3,4,4,4,7,7,7,6,6,6,,,,,,,,,,,,,,,,,,,,,,,,,,,,,,,,,
2,323,1967,40,50000,0,6,2,7,7,7,4,4,4,1,1,1,7,7,7,7,7,7,7,7,7,7,7,7,1,1,1,1,7,7,7,7,7,7,7,1,7,7,4,7,7,7,7,7,7,7,1,4,4,4,1,4,4,7,7,7,1,7,7,7,7,7,5,5,5,6,6,6,7,5,4,6,7,7,7,7,7,5,5,5,,,,,,,,,,,,,,,,,,,,,,,,,,,,,,,,,
2,332,1960,47,60000,6,6,2,6,5,7,7,6,7,7,1,1,7,7,7,7,7,7,7,7,6,6,6,6,2,2,2,2,7,7,4,6,7,7,4,4,6,4,4,4,4,5,6,4,4,4,7,7,7,4,5,6,6,7,7,7,1,7,7,7,7,6,3,3,5,7,7,7,6,4,4,1,1,1,5,5,3,5,4,5,,,,,,,,,,,,,,,,,,,,,,,,,,,,,,,,,
2,333,0,0,0,0,0,0,6,6,6,6,6,6,6,6,6,6,6,6,6,6,6,6,6,6,6,6,6,6,6,6,6,6,6,6,6,6,6,6,6,6,6,6,6,6,6,6,6,6,6,6,6,6,6,6,6,6,6,6,6,6,6,6,6,6,6,0,0,0,0,0,0,0,0,0,0,0,0,0,0,0,0,0,0,,,,,,,,,,,,,,,,,,,,,,,,,,,,,,,,,
2,334,1958,49,10000,6,4,2,7,7,7,7,7,7,1,1,1,0,7,7,7,7,7,7,7,7,7,7,7,4,4,1,1,7,1,7,7,7,7,7,7,7,7,7,4,2,2,7,7,7,7,7,7,7,7,7,7,7,7,7,7,1,7,7,7,7,7,4,4,4,7,7,7,7,7,7,7,4,4,5,5,5,4,7,7,,,,,,,,,,,,,,,,,,,,,,,,,,,,,,,,,
2,335,1955,52,74999,7,3,2,6,6,6,7,7,7,1,1,1,7,7,7,7,7,7,7,7,7,7,7,7,1,1,1,1,7,7,7,7,4,4,4,7,7,7,7,7,7,7,7,7,7,7,7,7,7,7,7,7,7,7,7,7,1,7,7,7,0,7,4,4,4,4,4,4,7,7,7,7,7,7,7,7,7,0,6,5,,,,,,,,,,,,,,,,,,,,,,,,,,,,,,,,,
2,336,1965,42,13000,7,5,2,4,4,4,6,6,6,1,1,1,7,7,7,4,4,4,4,4,4,4,4,5,4,3,3,3,5,4,5,5,3,3,3,4,4,5,4,3,4,5,5,5,5,5,7,6,6,5,7,7,7,5,5,5,4,5,4,5,5,4,6,6,6,7,7,7,7,7,7,4,4,4,3,3,3,5,7,7,,,,,,,,,,,,,,,,,,,,,,,,,,,,,,,,,
2,338,1959,48,0,6,5,2,4,5,5,5,5,5,4,4,4,7,7,7,5,5,5,5,5,3,4,4,4,6,4,5,4,5,5,5,5,4,5,4,4,4,5,4,5,5,5,6,5,5,5,6,5,5,6,6,4,4,5,5,5,4,4,4,6,6,4,4,4,4,5,5,5,7,7,7,7,4,0,4,4,4,4,6,5,,,,,,,,,,,,,,,,,,,,,,,,,,,,,,,,,
2,339,1979,28,25000,7,4,2,7,7,7,7,5,6,2,2,2,7,7,7,7,6,7,7,7,5,6,6,6,3,3,3,3,6,6,3,5,6,6,6,3,3,6,3,3,5,5,3,5,5,5,7,7,7,7,7,7,7,7,7,7,1,7,7,5,5,5,6,6,6,6,6,6,6,4,5,2,2,4,7,7,7,3,5,4,,,,,,,,,,,,,,,,,,,,,,,,,,,,,,,,,
2,340,1974,33,30000,6,4,2,4,4,5,5,5,5,3,3,3,7,7,7,7,6,6,6,7,6,6,6,7,4,3,3,2,6,4,4,5,6,4,6,4,6,6,4,4,5,4,4,4,4,5,7,7,7,5,7,7,6,7,7,7,3,6,6,7,7,7,5,5,5,5,5,5,5,4,4,3,2,2,4,5,5,3,5,5,,,,,,,,,,,,,,,,,,,,,,,,,,,,,,,,,
2,341,1958,49,59000,7,5,2,7,7,7,7,7,7,2,1,1,5,5,5,6,6,6,6,6,6,6,7,6,2,2,2,2,7,7,5,5,5,6,6,5,7,6,5,5,4,4,6,4,4,4,7,7,7,7,7,7,7,7,7,7,1,6,6,6,6,6,4,4,4,5,4,4,4,4,4,5,1,1,3,2,2,6,6,7,,,,,,,,,,,,,,,,,,,,,,,,,,,,,,,,,
2,343,0,0,0,0,0,0,1,1,1,4,4,4,4,4,4,7,7,7,4,4,4,4,4,4,4,4,4,4,4,4,4,4,4,4,4,4,4,4,4,4,4,4,4,4,4,4,4,4,4,4,4,4,4,4,4,4,4,4,4,4,4,4,4,4,4,0,0,0,0,0,0,0,0,0,0,0,0,0,0,0,0,0,0,,,,,,,,,,,,,,,,,,,,,,,,,,,,,,,,,
2,345,1954,53,85000,7,4,2,2,6,7,4,4,4,1,1,4,4,4,4,5,5,4,4,4,5,5,5,3,1,1,1,1,6,6,4,5,6,6,6,4,6,6,4,4,5,6,4,6,4,4,7,4,6,7,7,7,7,6,6,6,1,5,6,6,6,4,1,1,1,7,7,7,6,6,2,7,5,5,4,6,4,4,6,7,,,,,,,,,,,,,,,,,,,,,,,,,,,,,,,,,
2,346,1986,21,70000,5,5,2,3,4,5,4,5,6,3,4,4,4,5,6,5,5,5,5,5,4,5,5,5,3,2,2,2,6,6,6,6,5,5,5,4,5,5,4,4,5,5,5,4,5,5,7,4,5,4,7,7,5,6,6,6,3,5,5,5,5,4,5,5,5,5,5,5,6,6,6,6,5,5,7,6,6,5,5,5,,,,,,,,,,,,,,,,,,,,,,,,,,,,,,,,,
2,347,1969,38,64000,7,6,2,7,7,7,7,7,7,1,1,1,7,7,7,7,7,6,6,6,7,7,7,7,1,1,1,1,6,6,6,6,6,6,6,7,7,7,7,7,7,7,7,7,7,7,7,7,7,6,7,6,6,7,7,7,1,7,7,7,7,7,4,4,4,6,6,6,7,6,7,6,5,5,7,7,7,4,7,7,,,,,,,,,,,,,,,,,,,,,,,,,,,,,,,,,
2,348,1987,20,0,7,5,1,5,5,5,6,6,6,4,4,4,7,7,7,5,5,5,5,5,6,6,6,6,3,3,3,3,4,4,4,4,5,5,5,6,6,6,6,7,7,7,7,5,5,5,7,7,7,7,7,7,7,6,6,6,3,5,5,6,6,6,3,3,3,4,4,4,5,5,5,6,6,6,6,6,6,2,5,6,,,,,,,,,,,,,,,,,,,,,,,,,,,,,,,,,
2,353,1975,32,800000,7,6,2,7,7,7,7,7,7,1,1,1,4,4,4,6,6,6,6,6,6,6,6,6,1,1,1,1,7,7,5,5,0,0,0,4,4,5,4,4,4,4,4,4,4,4,7,7,7,4,4,4,5,6,6,6,1,6,6,6,6,6,4,4,4,4,4,4,7,4,4,5,5,5,6,6,6,3,2,4,,,,,,,,,,,,,,,,,,,,,,,,,,,,,,,,,
2,355,1930,77,30000,7,2,2,1,1,2,6,6,6,1,1,1,4,4,4,5,5,5,5,4,5,5,4,5,2,2,2,2,4,4,5,5,4,5,4,2,3,3,4,4,4,4,3,5,5,5,7,7,6,6,7,7,7,5,5,5,2,5,4,5,5,5,6,6,6,6,7,7,5,5,5,4,4,4,3,4,4,5,6,6,,,,,,,,,,,,,,,,,,,,,,,,,,,,,,,,,
2,357,1962,45,65000,7,7,2,7,7,7,0,0,0,1,1,1,7,7,7,6,6,6,6,7,4,4,5,4,1,1,1,1,6,4,5,6,4,4,0,5,7,7,4,4,7,6,4,4,4,5,6,6,6,4,4,7,7,6,6,6,1,7,6,7,7,7,7,7,7,7,7,7,7,6,7,6,6,6,6,6,6,1,7,5,,,,,,,,,,,,,,,,,,,,,,,,,,,,,,,,,
2,358,1958,49,74000,7,7,1,6,7,7,7,7,7,1,1,1,7,7,7,6,6,7,7,7,6,6,7,6,1,1,1,1,7,7,6,7,4,4,4,6,5,6,4,4,4,4,5,5,5,6,7,7,7,7,6,6,7,7,6,6,1,7,6,7,7,6,5,5,5,6,6,6,5,4,3,6,6,6,7,7,7,3,6,7,,,,,,,,,,,,,,,,,,,,,,,,,,,,,,,,,
2,359,1986,21,10000,7,5,2,7,6,7,7,7,7,4,3,3,7,7,7,7,7,7,7,7,6,6,6,6,2,3,2,2,7,5,6,6,4,4,4,4,7,7,5,7,7,7,7,7,7,7,7,7,7,7,7,7,7,7,7,7,1,7,7,7,7,7,7,5,5,3,2,4,6,3,6,3,5,6,6,6,6,5,3,3,,,,,,,,,,,,,,,,,,,,,,,,,,,,,,,,,
2,361,1959,48,35000,5,4,2,5,5,7,7,7,7,1,1,1,7,7,7,7,4,7,6,7,6,6,4,4,1,1,1,1,7,7,6,6,3,3,3,3,6,5,4,4,5,2,5,4,4,5,7,7,7,4,7,6,6,7,7,7,1,7,7,7,7,7,7,7,7,7,7,7,7,5,3,5,6,5,5,5,4,7,7,7,,,,,,,,,,,,,,,,,,,,,,,,,,,,,,,,,
2,363,1957,50,75000,1,4,2,7,7,7,6,6,6,1,1,1,7,7,7,7,7,7,7,7,6,6,6,6,2,2,2,2,4,6,6,6,6,5,6,5,5,6,4,4,3,5,7,5,5,5,7,7,6,6,6,6,6,6,6,6,2,6,6,6,6,5,7,7,7,6,6,6,7,7,7,7,5,6,6,6,6,4,7,7,,,,,,,,,,,,,,,,,,,,,,,,,,,,,,,,,
2,364,1945,62,100000,6,7,2,7,7,7,6,7,7,4,4,4,7,7,7,6,6,4,4,4,4,5,5,4,3,3,3,3,3,3,3,3,3,3,3,2,4,5,4,3,4,5,5,4,4,4,7,6,5,4,6,7,7,6,6,6,3,5,5,7,7,7,5,5,5,3,3,4,6,3,4,3,5,5,7,7,7,5,5,7,,,,,,,,,,,,,,,,,,,,,,,,,,,,,,,,,
2,365,1968,39,25000,3,3,2,6,6,6,7,7,7,1,1,2,1,7,7,7,7,7,7,7,6,6,6,6,1,1,1,1,6,6,6,6,2,4,4,4,6,6,4,4,4,4,4,4,4,4,6,6,6,4,4,5,5,6,6,6,1,7,7,4,4,4,4,4,4,6,6,6,5,3,4,3,2,2,5,5,5,4,4,4,,,,,,,,,,,,,,,,,,,,,,,,,,,,,,,,,
2,367,1962,45,100000,7,4,2,7,7,7,7,7,7,1,1,1,7,7,7,7,7,7,7,7,7,7,7,7,1,1,1,0,7,7,7,7,7,7,7,7,7,7,7,0,0,7,7,7,7,7,7,7,7,7,7,7,7,7,7,7,1,7,7,7,7,7,7,7,7,7,7,7,7,7,7,7,7,7,7,7,7,4,7,7,,,,,,,,,,,,,,,,,,,,,,,,,,,,,,,,,
2,369,1963,44,29000,7,4,1,7,7,7,7,7,7,2,2,2,7,7,7,7,7,7,7,7,7,7,7,7,1,1,1,1,7,7,7,7,7,7,7,7,7,7,4,7,7,7,7,7,7,7,4,7,7,7,7,7,7,7,7,7,1,7,7,7,7,7,7,7,7,7,7,7,7,7,7,7,7,7,7,7,7,4,7,5,,,,,,,,,,,,,,,,,,,,,,,,,,,,,,,,,
2,370,1961,46,100000,7,5,1,7,7,7,7,7,7,1,1,1,7,7,7,7,7,7,7,7,7,7,7,7,1,1,1,1,7,7,7,0,6,6,6,6,7,7,7,2,7,7,4,7,7,7,7,7,7,0,7,7,7,7,7,7,1,7,7,7,7,6,6,6,6,6,6,6,7,7,7,7,7,7,7,7,7,1,4,5,,,,,,,,,,,,,,,,,,,,,,,,,,,,,,,,,
2,373,1932,75,39000,5,4,1,5,4,6,5,3,6,1,1,1,2,3,5,6,4,6,5,4,6,6,7,6,1,2,1,2,4,4,5,5,4,4,4,5,6,6,4,5,6,5,4,5,5,6,7,7,7,4,6,7,5,5,6,6,2,6,6,6,6,5,3,2,4,5,5,5,5,4,3,1,1,1,1,1,1,5,5,6,,,,,,,,,,,,,,,,,,,,,,,,,,,,,,,,,
2,374,1965,42,500,1,3,2,1,1,1,3,3,3,1,1,1,5,5,7,3,1,4,2,6,1,0,1,7,7,7,7,7,4,4,1,1,1,1,4,4,1,1,1,1,1,1,1,4,4,1,7,4,4,2,6,7,7,7,7,3,7,1,4,7,7,4,1,1,1,1,2,4,7,1,7,7,4,6,4,4,4,4,7,7,,,,,,,,,,,,,,,,,,,,,,,,,,,,,,,,,
2,375,1961,46,70000,7,6,2,6,6,6,5,5,5,1,1,1,7,6,6,5,4,5,5,5,4,4,5,5,2,2,2,2,5,5,5,5,4,4,4,4,4,5,4,3,0,3,5,4,4,5,7,7,7,6,7,7,7,6,6,6,1,6,6,5,5,6,5,5,5,5,6,6,4,4,3,5,4,5,5,5,5,7,7,7,,,,,,,,,,,,,,,,,,,,,,,,,,,,,,,,,
2,376,1957,50,90000,7,5,2,7,7,7,7,7,7,7,7,7,7,7,7,7,7,7,7,7,7,7,7,7,1,1,1,1,7,7,7,7,7,7,7,7,7,7,7,7,7,7,7,7,7,7,7,7,7,7,7,7,7,7,7,7,7,7,7,7,7,7,7,7,7,7,7,7,7,7,7,7,7,7,7,7,7,1,7,1,,,,,,,,,,,,,,,,,,,,,,,,,,,,,,,,,
2,377,1937,70,21000,1,3,1,1,1,1,1,1,1,1,1,1,7,7,7,1,1,1,1,1,1,1,1,4,4,4,4,7,4,4,4,4,4,4,4,4,4,4,4,4,4,4,4,4,4,4,6,4,4,4,4,4,4,4,4,4,4,4,4,4,4,4,4,4,4,7,7,7,7,4,7,4,4,4,2,2,1,4,6,6,,,,,,,,,,,,,,,,,,,,,,,,,,,,,,,,,
2,378,1970,37,25,7,5,1,6,5,4,5,6,5,4,4,5,4,4,3,5,5,4,4,6,5,6,5,5,5,2,4,5,5,4,3,3,4,5,5,5,2,3,6,3,3,4,6,6,3,4,5,5,4,5,4,5,2,7,6,6,5,5,6,4,4,3,4,5,4,5,4,5,5,5,3,5,7,4,4,5,6,4,7,6,,,,,,,,,,,,,,,,,,,,,,,,,,,,,,,,,
2,379,1969,38,40000,4,5,2,5,5,5,4,4,4,1,1,1,7,7,7,5,4,7,6,7,4,6,6,5,3,2,4,4,7,4,3,3,7,7,7,4,4,5,4,4,4,4,4,6,4,6,3,4,4,5,4,4,4,5,6,6,4,5,5,5,5,4,3,3,4,4,5,4,7,6,7,4,4,4,6,7,6,5,5,6,,,,,,,,,,,,,,,,,,,,,,,,,,,,,,,,,
2,380,1961,46,80000,7,2,2,7,7,7,7,7,7,1,1,1,6,7,7,6,5,6,6,6,5,5,4,5,5,3,3,3,4,5,4,4,6,4,6,6,6,6,5,5,5,5,6,5,5,5,7,6,6,6,7,7,7,7,7,7,1,4,6,7,7,7,4,4,4,7,7,7,7,7,6,4,6,5,6,6,6,4,7,5,,,,,,,,,,,,,,,,,,,,,,,,,,,,,,,,,
2,381,1975,32,29000,7,5,2,5,5,5,5,5,5,1,1,1,7,7,7,6,4,6,4,6,4,6,6,6,6,6,6,3,4,4,4,4,4,6,6,4,6,6,6,4,6,6,4,4,4,4,7,7,7,4,7,7,7,7,7,7,4,5,5,5,6,6,7,7,7,7,7,7,7,7,7,7,7,7,4,7,7,4,7,7,,,,,,,,,,,,,,,,,,,,,,,,,,,,,,,,,
2,382,1963,44,60000,6,6,2,7,7,7,7,7,7,7,7,7,7,7,7,6,5,7,7,7,6,5,4,7,1,1,1,1,7,7,7,7,7,7,7,7,7,7,4,1,7,7,5,6,6,5,7,6,6,4,7,7,7,6,6,6,1,6,6,7,7,7,7,7,7,7,7,7,7,6,7,4,5,6,6,6,6,1,6,6,,,,,,,,,,,,,,,,,,,,,,,,,,,,,,,,,
2,383,1957,50,56000,6,6,1,5,5,5,5,5,5,2,2,2,6,6,6,5,5,6,6,5,5,5,6,6,3,3,3,2,5,4,6,6,5,5,5,4,5,5,5,5,5,5,5,5,5,5,5,6,6,6,6,5,6,6,6,6,2,6,6,5,5,5,4,5,5,5,4,4,5,5,5,5,5,6,6,5,5,5,5,5,,,,,,,,,,,,,,,,,,,,,,,,,,,,,,,,,
2,384,1977,30,60000,5,4,2,6,6,6,6,6,6,1,1,1,5,5,5,6,6,6,6,6,5,5,5,6,2,2,2,2,4,4,4,4,4,4,4,4,5,5,4,4,4,4,4,5,5,5,7,7,7,7,7,7,7,7,7,7,1,7,7,7,7,7,5,5,5,5,5,5,5,3,4,5,3,5,5,6,6,4,4,4,,,,,,,,,,,,,,,,,,,,,,,,,,,,,,,,,
2,385,1968,39,50000,6,5,1,5,7,7,6,7,7,1,1,1,7,7,7,6,6,6,6,6,6,6,6,6,4,4,4,4,6,6,6,6,4,4,4,4,4,4,4,3,5,5,5,6,5,5,7,6,6,4,6,6,6,7,7,7,2,6,6,6,6,6,6,6,6,6,6,6,6,6,6,6,4,4,7,7,7,5,7,7,,,,,,,,,,,,,,,,,,,,,,,,,,,,,,,,,
2,391,1969,38,15000,7,6,2,1,1,3,6,6,6,1,1,1,7,7,7,4,4,4,4,4,4,4,4,5,3,4,4,3,5,5,5,5,4,4,4,4,4,4,4,3,4,4,4,4,4,4,7,6,7,6,6,6,6,6,6,6,3,5,4,6,6,6,4,4,4,5,5,6,5,4,3,5,4,4,0,5,5,4,7,7,,,,,,,,,,,,,,,,,,,,,,,,,,,,,,,,,
2,392,1980,27,45500,5,6,2,5,5,5,6,6,6,1,1,1,4,4,4,6,6,6,6,6,6,6,6,6,3,3,3,2,5,5,1,1,1,1,0,4,5,5,1,5,4,5,4,1,4,4,7,7,7,4,7,7,7,7,7,7,1,7,6,4,4,4,2,2,2,5,5,5,7,7,7,3,2,2,2,1,2,4,3,5,,,,,,,,,,,,,,,,,,,,,,,,,,,,,,,,,
2,393,1988,19,5000,4,4,2,6,5,5,6,6,6,6,6,6,2,2,2,5,4,5,4,5,3,4,4,4,3,3,3,3,5,5,4,4,5,3,4,5,5,5,5,5,5,5,5,5,5,5,3,5,5,3,4,4,3,6,6,6,4,5,5,5,5,5,3,3,2,3,3,3,6,5,4,4,4,3,4,5,5,3,3,3,,,,,,,,,,,,,,,,,,,,,,,,,,,,,,,,,
2,394,1958,49,35000,7,6,2,4,4,4,7,7,7,1,1,1,7,7,7,7,7,7,7,7,4,4,4,4,2,2,2,2,4,4,4,4,5,5,5,5,5,5,5,4,4,4,5,6,6,6,7,7,7,7,7,7,7,7,7,7,1,6,6,7,7,7,4,4,4,7,7,7,7,7,7,6,5,6,5,5,5,4,6,6,,,,,,,,,,,,,,,,,,,,,,,,,,,,,,,,,
2,396,1988,19,15000,5,4,1,4,4,4,6,6,5,1,4,1,7,4,4,6,5,5,6,4,2,3,3,1,1,3,3,3,6,6,4,4,6,4,4,4,4,4,4,7,4,5,4,4,4,4,7,7,7,5,7,7,7,7,7,7,3,5,5,6,6,6,5,5,5,3,3,3,6,1,5,5,6,6,7,7,7,2,2,2,,,,,,,,,,,,,,,,,,,,,,,,,,,,,,,,,
2,401,1967,40,30000,7,5,2,7,7,7,4,7,7,1,1,1,7,7,7,4,4,4,7,4,4,4,7,7,4,4,4,4,7,0,4,4,7,4,7,4,4,7,4,4,4,4,4,4,4,4,7,7,7,7,7,7,7,7,7,7,1,4,4,4,2,2,4,4,4,7,7,7,7,7,7,4,1,1,4,7,7,4,4,7,,,,,,,,,,,,,,,,,,,,,,,,,,,,,,,,,
2,402,1942,65,35000,7,4,2,5,6,6,5,5,6,4,4,4,6,7,7,4,4,5,5,5,5,5,6,0,3,4,4,3,5,5,5,5,4,4,4,5,5,6,6,6,6,6,6,6,6,6,6,6,6,6,6,5,5,5,5,6,3,5,5,6,6,6,6,6,6,5,5,4,7,7,7,2,3,5,5,5,5,6,7,7,,,,,,,,,,,,,,,,,,,,,,,,,,,,,,,,,
2,404,1980,27,75000,7,6,2,5,5,5,7,7,6,1,1,2,5,5,5,5,4,6,6,7,3,4,4,5,2,2,2,2,5,5,5,5,6,5,5,5,6,6,5,6,6,6,7,6,6,6,7,7,7,7,7,7,7,7,7,7,1,6,6,7,7,7,7,7,7,7,7,7,7,7,7,5,5,5,2,2,3,7,0,5,,,,,,,,,,,,,,,,,,,,,,,,,,,,,,,,,
2,405,1957,50,45000,6,6,2,6,6,6,6,6,6,2,2,2,6,6,6,6,6,5,6,6,5,5,5,5,2,2,2,2,6,6,5,5,6,6,6,6,6,6,5,6,6,6,6,5,6,6,6,6,6,6,6,6,6,6,6,6,2,6,5,5,5,5,5,5,5,5,5,5,6,6,6,5,5,6,6,5,6,2,5,5,,,,,,,,,,,,,,,,,,,,,,,,,,,,,,,,,
2,406,1959,48,30000,6,4,2,6,6,6,6,5,5,1,1,1,6,6,6,6,6,6,6,5,5,6,6,6,2,2,2,2,6,6,6,6,4,5,6,5,6,6,6,5,6,6,6,6,6,6,7,7,7,6,7,7,6,7,7,7,2,6,6,6,6,6,6,6,6,6,6,6,6,6,5,5,4,4,5,6,6,5,7,6,,,,,,,,,,,,,,,,,,,,,,,,,,,,,,,,,
2,407,1969,38,15000,6,4,1,5,4,5,6,6,6,2,2,2,7,7,7,5,5,5,5,5,6,6,6,6,4,4,4,4,5,5,6,6,6,6,6,6,6,6,6,6,6,6,6,6,6,6,7,7,7,7,7,7,7,7,7,7,3,6,6,7,7,7,7,7,7,7,7,7,7,7,7,5,5,5,5,5,5,5,5,5,,,,,,,,,,,,,,,,,,,,,,,,,,,,,,,,,
2,408,1963,44,50000,7,5,1,5,5,5,6,7,7,1,1,1,7,7,6,6,4,5,4,6,4,2,4,6,4,4,4,3,6,6,5,5,2,2,3,1,5,5,4,2,4,3,4,4,5,5,6,6,6,6,7,7,7,6,6,6,1,6,6,6,6,6,4,4,4,4,4,4,6,4,5,4,4,4,5,5,5,5,3,5,,,,,,,,,,,,,,,,,,,,,,,,,,,,,,,,,
2,411,0,0,0,0,0,0,7,7,7,7,7,7,1,1,1,7,7,7,4,5,5,6,6,5,7,7,5,2,2,2,1,6,6,4,4,7,5,5,4,7,4,7,4,5,5,4,7,5,6,7,7,7,7,7,7,5,4,5,5,1,6,5,0,4,4,0,0,0,0,0,0,0,0,0,0,0,0,0,0,0,0,0,0,,,,,,,,,,,,,,,,,,,,,,,,,,,,,,,,,
2,414,1937,70,540000,5,7,2,6,6,7,7,7,7,2,1,1,7,7,7,7,7,7,7,7,7,7,7,7,1,1,1,1,7,7,7,7,6,6,6,7,7,7,7,7,7,7,7,6,6,6,6,6,6,6,7,0,7,7,7,7,1,6,6,5,5,4,6,6,6,7,7,7,6,6,6,4,4,4,4,4,4,5,5,5,,,,,,,,,,,,,,,,,,,,,,,,,,,,,,,,,
2,415,1943,64,65000,7,5,1,7,7,7,7,7,7,1,1,1,7,7,7,7,7,7,7,7,7,7,7,7,1,1,1,1,7,7,4,7,1,1,1,7,7,7,4,7,7,7,4,4,4,4,5,7,7,1,1,1,1,7,7,7,1,7,7,7,7,7,7,7,7,7,7,7,7,7,7,5,7,5,7,7,5,4,7,7,,,,,,,,,,,,,,,,,,,,,,,,,,,,,,,,,
2,416,1935,72,19000,7,4,1,1,7,7,7,7,7,3,4,4,7,7,7,5,5,5,6,5,7,7,7,7,4,3,3,3,7,7,7,7,5,5,5,7,7,7,7,6,6,6,7,6,6,6,7,7,7,7,7,7,7,7,7,7,1,7,7,7,7,7,7,7,7,7,7,7,6,6,6,7,5,5,5,4,5,3,4,4,,,,,,,,,,,,,,,,,,,,,,,,,,,,,,,,,
2,417,1958,49,65000,7,7,1,7,7,7,7,7,7,1,1,1,6,6,6,7,7,7,7,7,7,7,7,7,1,1,1,1,7,7,7,7,7,7,7,4,6,6,6,7,6,6,6,6,6,6,7,7,7,7,7,7,7,7,7,7,1,7,7,7,7,7,7,6,6,7,7,7,7,7,7,6,6,6,6,6,6,1,7,6,,,,,,,,,,,,,,,,,,,,,,,,,,,,,,,,,
2,419,1975,32,25000,7,5,2,7,7,7,7,7,7,1,1,1,7,7,7,7,7,7,7,7,7,6,7,7,1,1,1,1,7,6,7,7,7,7,7,7,7,7,7,6,7,6,6,7,6,6,7,7,7,7,7,7,7,7,7,7,1,7,7,7,7,7,5,5,5,7,7,7,7,7,7,7,6,7,7,7,7,5,5,5,,,,,,,,,,,,,,,,,,,,,,,,,,,,,,,,,
2,421,1958,49,45000,6,4,1,1,2,4,6,6,6,4,3,4,6,7,6,5,5,6,6,5,7,7,7,7,1,0,1,1,6,7,7,7,4,5,5,7,7,7,7,7,7,6,7,6,7,6,5,6,7,4,7,7,7,7,6,7,4,4,4,6,6,7,3,2,3,5,0,4,7,4,6,4,2,3,5,5,5,7,3,4,,,,,,,,,,,,,,,,,,,,,,,,,,,,,,,,,
2,424,1958,49,150000,5,6,1,3,4,3,5,4,4,7,1,1,7,7,7,5,4,4,4,4,5,5,5,6,2,2,2,2,6,6,6,6,4,4,4,0,6,6,4,4,6,6,6,7,4,5,7,7,7,4,7,7,7,5,5,5,3,5,5,6,6,6,6,6,6,6,5,5,6,5,4,4,2,3,4,5,5,4,6,5,,,,,,,,,,,,,,,,,,,,,,,,,,,,,,,,,
2,426,1934,73,0,7,4,1,6,7,6,7,6,7,4,4,4,7,7,7,7,7,7,7,7,7,7,7,7,1,1,1,1,7,7,7,7,7,7,7,7,7,7,4,7,7,7,7,7,7,7,7,7,7,7,7,7,7,7,7,7,1,7,7,7,7,7,4,4,4,6,7,6,7,7,7,4,4,4,4,4,1,4,6,6,,,,,,,,,,,,,,,,,,,,,,,,,,,,,,,,,
2,430,1977,30,49000,4,2,2,4,4,2,4,4,4,3,3,3,4,5,5,4,4,4,5,5,4,4,4,4,4,4,4,6,3,5,5,4,4,4,4,4,5,5,4,3,4,4,7,6,7,6,5,4,4,5,5,5,4,5,6,6,4,5,4,4,4,3,7,7,5,4,5,4,6,5,6,4,4,4,6,5,4,3,3,5,,,,,,,,,,,,,,,,,,,,,,,,,,,,,,,,,
3,431,1977,30,100000,7,6,1,7,7,7,7,7,7,1,1,1,1,1,1,7,7,7,7,7,7,7,7,7,7,7,7,5,7,7,7,7,3,3,3,1,7,7,7,7,7,7,7,7,7,7,7,7,7,7,7,7,7,7,7,7,1,7,7,7,7,7,7,7,7,7,7,7,7,7,7,7,7,7,7,7,7,0,7,7,,,,,,,,,,,,,,,,,,,,,,,,,,,,,,,,,
3,432,1952,55,43000,7,5,2,5,5,5,7,7,7,1,1,1,7,7,7,6,6,6,6,6,6,6,6,6,2,2,2,2,6,6,6,6,5,5,5,5,6,6,4,5,6,6,6,6,6,6,7,7,7,4,7,7,7,7,7,7,1,7,7,6,6,4,7,7,7,7,7,7,7,7,7,4,4,4,7,7,7,1,7,7,,,,,,,,,,,,,,,,,,,,,,,,,,,,,,,,,
3,433,1965,42,30000,7,6,1,7,7,7,6,7,7,4,4,5,1,0,7,7,7,5,7,7,5,6,7,2,1,3,1,1,7,7,1,7,4,1,7,1,4,7,5,1,3,4,4,4,4,5,7,6,7,7,7,5,7,3,5,6,1,7,7,7,7,7,4,4,4,7,7,5,7,7,7,7,6,6,7,7,7,5,6,5,,,,,,,,,,,,,,,,,,,,,,,,,,,,,,,,,
3,434,1949,58,110000,3,6,2,4,4,4,4,5,5,1,1,1,7,7,7,5,5,5,5,5,4,4,5,5,4,4,4,4,6,6,4,4,6,6,6,4,4,5,4,4,4,4,5,4,4,4,7,7,7,4,7,7,7,7,7,7,2,5,5,5,5,5,6,6,6,4,4,4,5,3,5,3,3,3,5,5,4,5,5,7,,,,,,,,,,,,,,,,,,,,,,,,,,,,,,,,,
3,439,1928,79,0,4,5,2,7,7,7,7,7,7,1,1,1,7,7,7,7,7,7,7,4,4,7,4,7,1,1,1,1,7,7,7,7,4,4,4,7,7,7,7,4,4,4,4,7,4,7,7,7,7,4,7,7,7,7,7,7,1,7,7,7,7,7,4,7,7,7,7,7,4,4,7,4,4,3,4,4,4,7,7,7,,,,,,,,,,,,,,,,,,,,,,,,,,,,,,,,,
3,440,1979,28,45,7,4,2,5,5,5,7,7,7,1,2,1,7,6,6,7,6,5,7,7,7,7,6,6,1,1,1,1,6,6,7,7,4,4,4,7,7,7,6,7,7,5,7,7,6,7,7,7,7,4,7,7,4,7,7,7,1,1,1,7,7,6,7,7,6,7,7,6,7,7,7,4,7,6,7,6,6,3,6,6,,,,,,,,,,,,,,,,,,,,,,,,,,,,,,,,,
3,443,1974,33,34956,7,4,1,5,4,3,7,7,7,1,1,1,7,7,7,6,6,4,4,5,6,6,6,7,2,2,2,2,7,7,4,7,6,6,6,7,7,7,4,1,6,6,7,7,7,7,7,6,7,7,7,5,6,7,7,7,1,7,5,7,7,7,7,7,7,7,7,7,7,7,7,7,7,7,7,7,7,4,7,7,,,,,,,,,,,,,,,,,,,,,,,,,,,,,,,,,
3,447,1981,26,20000,5,4,1,7,7,7,7,7,7,4,5,7,7,7,7,7,6,4,5,4,5,5,5,6,3,7,1,1,6,6,4,6,4,4,4,7,7,7,4,7,7,7,7,7,4,7,5,5,5,7,7,7,6,7,6,6,1,7,7,7,7,7,7,7,7,7,7,7,7,7,7,5,5,7,7,7,7,5,5,5,,,,,,,,,,,,,,,,,,,,,,,,,,,,,,,,,
3,449,1971,36,38000,6,4,2,6,6,6,6,7,7,6,6,6,7,7,7,6,6,6,6,6,6,6,7,7,2,2,2,2,7,7,6,7,7,6,6,6,6,6,6,6,6,6,5,6,7,6,7,7,7,7,6,7,7,7,7,7,1,7,7,6,6,6,6,6,6,7,7,7,7,7,7,7,6,6,6,6,6,2,7,7,,,,,,,,,,,,,,,,,,,,,,,,,,,,,,,,,
3,450,1976,31,95000,5,5,2,5,4,5,5,5,5,2,2,2,4,4,4,5,5,5,5,5,1,4,4,3,4,2,2,2,5,5,5,5,4,5,5,3,3,5,4,3,4,4,4,5,4,4,6,6,6,5,6,6,5,6,6,6,4,4,4,3,3,3,5,5,5,6,6,6,6,6,6,4,3,3,5,5,5,4,7,7,,,,,,,,,,,,,,,,,,,,,,,,,,,,,,,,,
3,451,1934,73,0,5,6,2,6,6,6,4,4,4,3,3,3,7,7,7,4,4,5,4,4,5,5,5,5,3,3,3,3,5,5,5,5,4,4,4,5,4,5,3,3,3,4,5,5,5,5,6,6,6,5,6,6,6,6,6,6,3,6,6,5,4,4,6,6,5,6,6,6,5,5,4,5,5,5,5,5,5,5,5,5,,,,,,,,,,,,,,,,,,,,,,,,,,,,,,,,,
3,454,1976,31,10000,4,4,2,7,7,7,7,7,7,1,1,1,6,6,6,7,7,7,7,7,6,7,6,6,5,4,4,2,4,4,4,4,4,4,4,4,6,5,4,4,4,5,4,4,4,4,7,7,7,5,7,7,7,7,7,7,2,7,7,7,7,5,5,5,5,5,5,5,5,2,4,4,4,4,4,5,5,4,4,2,,,,,,,,,,,,,,,,,,,,,,,,,,,,,,,,,
3,455,1936,71,75,4,3,1,4,4,4,5,5,5,1,1,1,7,7,7,6,4,6,6,6,5,5,5,5,3,3,3,3,4,4,4,4,4,4,4,4,5,5,4,4,4,4,4,4,4,4,6,6,6,4,6,6,6,6,6,6,3,5,5,4,4,4,6,6,6,5,5,5,5,5,5,4,4,4,4,4,4,5,5,5,,,,,,,,,,,,,,,,,,,,,,,,,,,,,,,,,
3,456,1939,68,0,5,4,1,5,5,5,6,6,6,4,4,4,7,7,7,5,5,5,5,5,4,5,4,5,2,3,3,3,5,5,4,4,5,5,4,4,5,5,4,2,5,5,5,5,5,5,5,5,5,5,5,5,5,5,5,5,2,5,5,5,5,5,5,5,5,5,5,5,5,4,5,5,4,4,4,4,4,5,5,5,,,,,,,,,,,,,,,,,,,,,,,,,,,,,,,,,
3,459,1957,50,60000,7,5,1,4,5,5,5,5,5,1,1,1,4,4,4,5,5,5,5,5,5,5,5,5,1,4,3,3,7,7,7,7,4,7,7,7,7,7,7,7,7,7,7,7,7,7,7,7,7,7,7,7,7,7,7,7,1,7,7,5,6,5,7,7,7,7,7,7,7,7,7,7,7,7,7,7,7,4,7,7,,,,,,,,,,,,,,,,,,,,,,,,,,,,,,,,,
3,460,1982,25,41000,3,4,2,7,7,7,6,6,6,4,4,4,7,7,7,6,6,6,6,6,4,5,4,4,4,4,4,4,4,4,4,4,4,4,4,4,4,4,4,4,4,4,4,4,4,4,7,5,6,3,7,4,6,6,6,3,1,7,7,3,3,3,4,4,4,4,4,4,4,0,4,7,5,5,6,6,6,7,7,7,,,,,,,,,,,,,,,,,,,,,,,,,,,,,,,,,
3,461,1926,81,40000,7,5,2,7,7,7,7,7,7,1,1,1,1,1,2,7,7,7,7,7,7,7,7,7,1,2,1,1,7,7,7,7,7,7,7,7,7,7,7,6,7,7,7,7,7,7,7,7,7,7,7,7,7,7,7,7,1,1,7,7,7,7,4,4,4,7,7,7,7,7,7,7,6,6,7,7,7,1,7,6,,,,,,,,,,,,,,,,,,,,,,,,,,,,,,,,,
3,465,1983,24,40000,6,4,2,7,4,4,7,6,6,4,4,4,7,7,7,7,7,7,7,7,6,6,6,6,1,2,2,1,7,7,7,7,7,7,7,7,7,7,7,7,7,7,7,7,7,7,7,7,7,4,7,7,7,7,7,7,1,7,7,7,7,4,4,4,4,7,7,7,7,7,7,7,5,5,7,7,7,3,4,5,,,,,,,,,,,,,,,,,,,,,,,,,,,,,,,,,
3,466,1957,50,80000,5,4,1,4,4,4,4,4,4,1,1,2,7,7,7,6,6,5,6,6,6,6,7,6,2,2,2,2,6,6,5,5,4,4,4,5,4,5,4,5,6,6,6,5,5,5,7,6,7,5,7,6,5,4,4,4,2,6,6,5,5,4,4,4,4,5,5,5,6,5,4,6,6,6,7,7,7,2,3,3,,,,,,,,,,,,,,,,,,,,,,,,,,,,,,,,,
3,467,1986,21,63000,3,4,1,5,5,6,7,6,7,3,3,2,4,4,4,6,6,6,6,6,4,6,6,6,2,3,2,2,6,6,6,6,5,5,6,0,5,7,4,4,5,5,5,5,4,4,7,7,7,7,7,5,5,6,5,4,3,3,3,6,6,5,5,5,5,4,4,4,7,7,7,6,5,6,7,7,7,7,7,7,,,,,,,,,,,,,,,,,,,,,,,,,,,,,,,,,
3,468,1984,23,55000,7,4,2,7,7,7,7,7,7,1,1,2,2,2,2,7,7,7,7,7,6,6,6,6,2,2,2,2,7,7,5,5,5,5,5,5,6,5,4,5,5,5,4,5,4,4,7,7,7,7,4,7,7,7,7,7,1,7,7,6,6,6,6,4,4,6,6,6,7,7,7,5,3,4,5,5,5,5,6,7,,,,,,,,,,,,,,,,,,,,,,,,,,,,,,,,,
3,469,1956,51,57000,7,5,2,7,7,7,7,7,7,2,2,2,7,7,7,7,7,7,7,7,6,6,6,7,2,2,1,2,6,5,3,5,4,4,4,4,6,7,4,7,4,5,6,7,4,5,7,7,7,5,7,7,7,7,7,7,1,7,7,7,7,7,6,7,7,6,6,6,7,4,7,4,2,3,3,2,3,4,7,7,,,,,,,,,,,,,,,,,,,,,,,,,,,,,,,,,
3,470,1945,62,60,5,6,1,3,3,5,5,5,5,4,4,4,6,6,6,5,5,5,5,5,4,5,5,5,3,3,3,3,0,5,4,4,4,4,4,4,5,5,5,4,5,4,5,4,4,5,6,6,6,5,6,6,5,5,5,5,3,5,5,5,5,5,5,5,5,5,5,5,4,5,5,4,3,3,4,4,4,4,5,5,,,,,,,,,,,,,,,,,,,,,,,,,,,,,,,,,
3,472,1927,80,50000,7,4,1,7,7,7,5,5,6,1,1,1,7,7,7,7,7,7,7,7,7,7,7,7,1,1,1,1,7,7,7,7,7,7,7,7,7,7,7,7,7,7,7,7,7,7,7,7,7,7,7,7,7,7,7,7,1,7,7,7,7,7,1,1,1,7,7,7,7,7,7,4,1,5,5,5,3,5,7,7,,,,,,,,,,,,,,,,,,,,,,,,,,,,,,,,,
3,473,1941,66,30000,7,3,2,7,7,7,7,7,7,4,4,4,7,7,7,7,4,7,7,7,4,4,7,7,1,1,1,1,7,7,4,4,6,4,4,4,5,4,4,4,4,4,4,6,4,6,7,7,7,7,1,1,1,7,7,7,1,6,6,4,4,4,7,7,7,7,7,7,7,7,6,1,1,1,1,4,4,1,7,7,,,,,,,,,,,,,,,,,,,,,,,,,,,,,,,,,
3,475,1978,29,60000,5,3,2,4,4,4,6,6,6,1,1,2,7,7,7,7,6,7,7,6,7,7,7,7,2,1,2,1,7,7,7,7,4,4,4,6,6,7,7,7,7,7,7,7,4,7,7,7,7,4,7,6,6,7,7,7,1,7,7,4,5,4,7,7,7,7,7,7,7,6,6,4,2,3,5,4,4,6,7,7,,,,,,,,,,,,,,,,,,,,,,,,,,,,,,,,,
3,476,1977,30,47500,6,4,2,6,6,7,7,7,7,1,1,1,7,7,7,6,6,6,6,6,6,6,6,6,5,3,4,3,6,6,5,6,4,4,4,5,6,6,4,4,5,3,4,4,4,6,6,6,6,5,5,6,5,6,7,7,2,7,4,5,5,5,6,6,7,7,6,6,7,7,7,6,6,6,5,5,5,5,5,5,,,,,,,,,,,,,,,,,,,,,,,,,,,,,,,,,
3,477,1967,40,25000,5,5,1,6,6,6,6,6,6,1,1,1,1,7,7,6,6,6,6,6,5,5,5,5,2,2,2,2,6,6,6,6,6,6,6,6,6,6,6,6,6,6,6,6,6,6,7,7,7,7,7,7,7,7,7,7,1,7,7,7,7,7,7,7,7,7,7,7,7,7,6,7,7,7,5,6,6,4,7,7,,,,,,,,,,,,,,,,,,,,,,,,,,,,,,,,,
3,478,1988,19,0,7,5,2,1,2,2,6,4,4,4,1,4,1,7,7,7,4,7,4,7,7,7,7,7,1,4,1,1,1,7,4,4,1,3,1,1,4,7,7,4,4,3,7,4,7,7,7,7,7,5,4,1,1,7,7,7,1,7,7,4,7,7,3,4,3,5,2,5,3,5,7,7,4,5,7,3,5,2,5,1,,,,,,,,,,,,,,,,,,,,,,,,,,,,,,,,,
3,479,1936,71,70000,3,7,1,4,4,4,6,6,6,1,1,4,5,5,4,6,6,6,6,5,6,5,6,6,2,1,1,1,6,6,4,6,6,5,6,4,5,6,4,4,4,4,6,4,4,5,2,4,4,4,3,0,3,4,4,5,4,3,5,4,4,4,4,5,5,5,5,5,6,5,5,6,5,6,5,6,5,4,4,5,,,,,,,,,,,,,,,,,,,,,,,,,,,,,,,,,
3,480,1928,79,45000,6,3,2,5,5,5,7,7,7,1,1,2,3,3,5,6,5,6,6,6,4,4,4,6,2,2,2,2,6,6,6,6,4,4,4,6,6,0,4,4,4,4,4,4,4,4,6,6,6,6,6,6,6,6,6,6,2,6,6,5,5,5,4,4,4,6,5,5,6,6,6,4,2,2,1,2,2,3,6,6,,,,,,,,,,,,,,,,,,,,,,,,,,,,,,,,,
3,483,1930,77,51000,7,5,1,6,6,6,7,7,7,1,1,1,7,7,7,7,7,7,7,7,7,7,7,7,1,1,1,1,7,7,7,7,7,7,7,7,7,7,7,7,7,7,7,7,7,7,4,7,7,7,5,7,6,7,7,7,1,7,7,7,7,7,4,4,4,7,7,7,7,7,7,6,4,6,6,6,6,4,6,6,,,,,,,,,,,,,,,,,,,,,,,,,,,,,,,,,
3,485,1975,32,70000,5,5,2,4,4,3,5,5,5,2,2,2,7,7,7,6,6,5,6,6,5,5,5,5,5,5,4,5,5,5,5,5,5,4,5,5,6,4,4,6,4,5,0,5,5,5,6,6,6,6,6,6,6,6,6,6,3,6,6,5,6,6,6,6,5,6,6,6,6,6,6,6,6,6,6,6,6,6,6,6,,,,,,,,,,,,,,,,,,,,,,,,,,,,,,,,,
3,486,1967,40,50000,6,4,2,4,7,4,3,3,3,7,7,7,7,7,7,5,4,5,6,6,7,7,7,7,1,1,1,1,7,7,7,7,4,4,4,7,7,7,7,4,7,7,7,7,7,7,7,7,7,4,7,7,7,7,7,5,1,7,7,5,5,5,4,4,4,4,4,4,5,5,5,7,4,6,6,6,6,7,7,7,,,,,,,,,,,,,,,,,,,,,,,,,,,,,,,,,
3,487,1958,49,55975,6,5,1,4,7,7,7,7,7,1,1,0,4,4,4,7,6,7,7,7,4,4,4,5,4,2,2,2,7,7,0,4,5,5,5,4,4,4,4,4,4,4,4,4,4,4,7,7,7,7,7,7,7,7,7,7,7,7,7,7,7,7,4,4,5,4,4,5,4,6,5,6,7,6,5,6,7,6,4,5,,,,,,,,,,,,,,,,,,,,,,,,,,,,,,,,,
3,488,1981,26,19000,4,4,1,7,7,7,7,4,4,4,4,4,7,7,7,7,4,7,4,4,1,7,4,7,7,7,1,4,4,7,4,4,4,4,4,4,7,7,7,7,7,7,7,7,4,7,7,7,7,7,7,7,7,7,7,7,1,7,7,4,4,4,4,4,4,7,7,7,7,7,7,7,7,7,4,4,4,4,7,4,,,,,,,,,,,,,,,,,,,,,,,,,,,,,,,,,
3,489,1958,49,250000,7,7,1,7,7,7,7,7,7,1,1,1,7,7,7,7,7,7,7,7,7,7,7,7,1,1,1,1,7,7,7,7,7,7,7,7,7,7,7,7,7,7,7,7,7,7,7,7,7,7,7,7,7,7,7,7,1,7,7,7,7,7,4,7,7,7,7,7,7,7,7,7,7,7,7,5,6,4,7,6,,,,,,,,,,,,,,,,,,,,,,,,,,,,,,,,,
3,490,1940,67,0,5,2,2,7,7,7,7,7,7,1,1,1,7,7,7,6,6,6,6,6,5,5,5,5,6,6,5,5,6,6,6,6,6,6,6,6,6,6,6,5,5,5,5,5,5,5,5,5,5,4,6,6,6,6,6,6,2,6,6,6,6,6,5,5,5,5,5,5,6,6,6,1,3,5,5,4,4,5,7,7,,,,,,,,,,,,,,,,,,,,,,,,,,,,,,,,,
3,491,1951,56,0,6,3,2,7,7,7,7,7,7,1,1,1,7,7,7,7,7,7,7,7,7,7,7,7,1,1,1,1,7,7,7,7,7,7,7,7,7,7,7,7,7,7,7,7,7,7,7,7,7,7,7,7,7,7,7,7,1,7,7,7,7,7,7,7,7,7,7,7,7,6,7,6,6,6,6,6,6,3,6,6,,,,,,,,,,,,,,,,,,,,,,,,,,,,,,,,,
3,493,1983,24,21000,4,4,1,3,4,5,3,5,5,5,6,5,6,6,5,4,5,5,5,6,5,6,6,5,1,2,3,1,5,5,4,3,4,5,3,5,6,5,5,3,5,3,3,5,3,5,5,3,5,4,3,5,5,3,5,4,3,5,5,4,3,4,4,5,3,3,5,5,5,3,5,5,5,3,5,5,5,6,5,5,,,,,,,,,,,,,,,,,,,,,,,,,,,,,,,,,
3,494,1960,47,75000,6,6,2,7,7,5,6,6,7,7,7,7,7,7,7,7,6,6,6,5,6,6,6,6,2,1,1,2,4,5,5,5,4,4,4,5,5,5,5,4,4,4,4,4,4,4,7,7,7,4,7,7,6,7,7,7,3,6,4,4,4,4,2,2,2,4,4,4,4,3,3,4,4,4,7,7,7,4,4,7,,,,,,,,,,,,,,,,,,,,,,,,,,,,,,,,,
3,495,1979,28,110000,7,6,1,7,7,7,7,7,7,3,3,3,6,6,6,7,7,7,7,7,7,7,7,7,1,1,1,1,7,7,7,7,7,7,7,7,7,7,4,4,7,7,7,7,7,7,7,7,7,7,7,7,7,7,7,7,7,7,7,7,7,7,4,4,4,7,7,7,7,7,7,7,7,7,7,7,7,7,7,7,,,,,,,,,,,,,,,,,,,,,,,,,,,,,,,,,
3,496,1949,58,50000,7,6,2,7,7,7,7,7,7,4,4,4,7,7,7,7,7,7,7,7,7,7,7,7,1,1,1,1,7,7,7,7,7,7,7,7,7,7,7,7,7,7,7,7,7,7,7,7,7,7,7,7,7,7,7,7,1,7,7,7,7,7,7,7,7,7,7,7,7,7,7,7,7,7,7,7,7,4,7,6,,,,,,,,,,,,,,,,,,,,,,,,,,,,,,,,,
3,497,1962,45,900,5,2,2,4,4,5,7,7,7,4,4,4,1,7,7,7,7,7,7,7,7,7,7,7,7,1,1,1,7,7,5,5,2,2,2,7,7,7,7,7,7,7,7,6,6,6,7,7,7,4,7,4,4,7,7,7,7,7,7,7,7,6,4,4,4,7,7,7,7,7,7,4,4,3,1,1,4,4,7,7,,,,,,,,,,,,,,,,,,,,,,,,,,,,,,,,,
3,499,1988,19,100000,7,6,1,4,5,5,6,5,7,1,1,1,4,7,6,7,7,7,7,7,7,7,7,7,1,1,1,1,7,7,7,7,7,7,6,6,7,7,6,7,7,7,7,7,7,7,7,7,7,7,7,7,7,7,0,7,1,7,7,7,7,7,7,7,7,7,7,7,7,7,7,7,7,7,7,7,7,1,7,7,,,,,,,,,,,,,,,,,,,,,,,,,,,,,,,,,
3,500,1935,72,55000,5,4,1,4,4,4,5,5,5,1,1,1,6,6,6,6,6,4,5,4,5,5,5,6,2,2,2,2,6,5,5,5,6,6,6,5,5,6,4,4,5,5,5,4,4,5,6,5,5,6,6,6,6,5,6,5,2,6,6,5,5,4,5,5,5,6,6,6,7,2,2,4,4,4,6,6,5,4,5,5,,,,,,,,,,,,,,,,,,,,,,,,,,,,,,,,,
3,501,1973,34,65000,6,6,2,7,7,7,6,6,6,5,5,5,6,6,6,6,6,6,6,6,5,5,5,5,2,2,2,2,6,6,4,5,4,4,4,5,5,5,5,5,5,5,5,5,5,5,7,6,6,5,6,6,6,6,6,6,2,6,6,6,6,5,7,6,6,5,5,5,5,5,4,4,5,5,5,5,5,4,5,5,,,,,,,,,,,,,,,,,,,,,,,,,,,,,,,,,
3,502,1961,46,25000,5,6,2,6,1,2,2,2,2,1,1,1,7,7,7,6,6,6,6,4,6,6,4,6,2,2,2,2,6,6,6,6,1,1,1,6,6,6,4,7,6,6,7,6,6,6,7,7,7,4,7,7,7,7,7,7,2,6,7,7,7,7,7,7,7,7,7,7,7,1,4,5,5,5,7,7,7,7,7,7,,,,,,,,,,,,,,,,,,,,,,,,,,,,,,,,,
3,503,1988,19,40,1,4,2,6,6,6,6,6,6,4,4,4,4,4,4,6,6,5,7,6,4,4,4,4,5,5,5,4,5,5,5,5,4,4,4,6,6,6,6,6,6,6,6,6,5,5,7,7,7,4,7,5,5,7,7,7,1,5,5,6,6,6,5,5,5,4,4,4,7,7,7,4,5,5,6,6,6,7,7,7,,,,,,,,,,,,,,,,,,,,,,,,,,,,,,,,,
3,505,1974,33,35000,7,5,1,4,4,4,7,7,7,5,5,5,7,7,7,7,7,7,7,7,7,7,7,7,1,1,1,1,7,7,6,6,7,7,7,7,7,7,4,4,7,7,1,7,7,7,7,6,6,7,7,7,7,5,5,5,1,7,7,6,6,6,7,7,7,6,6,6,7,7,6,7,4,6,7,7,7,2,7,7,,,,,,,,,,,,,,,,,,,,,,,,,,,,,,,,,
3,506,1927,80,20000,6,3,2,7,7,7,7,7,7,3,5,5,6,6,6,6,6,5,5,4,6,6,6,7,2,2,1,1,6,6,7,7,4,4,4,6,6,6,5,4,6,4,4,5,5,5,6,7,7,5,6,6,6,4,4,4,3,5,5,6,6,6,4,5,4,5,5,4,4,4,2,1,1,1,1,2,2,4,7,6,,,,,,,,,,,,,,,,,,,,,,,,,,,,,,,,,
3,507,1977,30,90000,6,6,2,0,7,7,6,6,7,2,2,2,7,6,5,7,6,7,7,7,4,4,4,5,2,2,2,2,6,6,2,6,6,6,6,6,6,6,4,6,6,6,6,4,4,5,4,5,7,4,1,5,5,6,6,6,1,6,6,5,5,5,2,2,2,6,6,6,6,6,6,4,4,4,5,5,5,5,3,3,,,,,,,,,,,,,,,,,,,,,,,,,,,,,,,,,
3,508,1934,73,17500,5,5,2,1,1,1,6,6,6,1,1,1,7,7,7,6,4,7,6,6,4,4,6,6,3,4,2,1,4,4,4,4,4,4,4,5,5,5,4,5,4,4,5,6,6,6,7,7,7,4,7,4,6,7,7,7,1,7,6,6,6,6,5,6,6,5,5,5,6,4,5,1,1,1,5,6,5,4,4,4,,,,,,,,,,,,,,,,,,,,,,,,,,,,,,,,,
3,509,1987,20,45000,7,5,2,4,4,4,7,7,7,1,1,1,4,4,4,6,6,6,6,6,6,6,6,6,2,2,2,2,6,6,6,6,4,4,4,6,6,6,6,6,6,6,6,6,6,6,7,7,7,7,7,7,7,7,7,7,1,7,7,7,7,4,7,7,7,7,7,7,7,7,6,6,5,6,6,6,6,3,6,5,,,,,,,,,,,,,,,,,,,,,,,,,,,,,,,,,
3,510,1988,19,39,7,3,1,7,7,7,7,7,7,4,4,1,7,7,7,7,7,7,7,7,7,7,7,7,7,7,7,7,7,7,7,7,7,7,7,7,7,7,7,7,7,7,7,7,7,7,7,7,7,7,7,7,7,7,7,7,7,7,7,7,7,7,7,7,7,7,7,7,7,7,7,7,7,7,7,7,7,7,7,7,,,,,,,,,,,,,,,,,,,,,,,,,,,,,,,,,
3,512,1967,40,72000,3,5,1,5,3,2,1,2,3,5,2,3,2,1,6,3,2,5,5,2,2,2,3,2,3,4,3,2,3,2,3,3,2,3,5,3,3,2,3,4,5,5,3,2,3,3,3,2,3,5,3,2,3,5,3,3,2,2,3,5,3,3,2,3,5,3,2,3,3,2,3,5,3,3,5,3,2,3,2,3,,,,,,,,,,,,,,,,,,,,,,,,,,,,,,,,,
3,513,1931,76,25,7,4,2,4,4,4,7,7,7,1,1,1,7,7,7,5,5,5,5,5,7,7,7,7,2,2,1,1,6,6,6,6,6,6,6,6,6,6,4,4,4,4,6,6,6,6,7,7,7,4,7,7,7,7,7,7,1,7,7,7,7,6,7,7,7,7,7,7,5,4,4,6,4,5,4,4,4,5,7,7,,,,,,,,,,,,,,,,,,,,,,,,,,,,,,,,,
3,514,1959,48,20000,7,6,1,6,6,6,5,6,6,4,4,4,4,4,4,6,5,5,5,5,4,4,4,5,6,6,5,4,5,5,5,4,4,4,4,5,5,5,4,5,6,5,5,4,4,4,7,4,6,6,7,6,6,5,5,5,2,6,6,6,6,6,4,4,4,4,4,4,6,5,6,3,2,4,6,6,6,4,6,6,,,,,,,,,,,,,,,,,,,,,,,,,,,,,,,,,
3,515,1969,38,74800,2,6,1,3,5,2,3,5,2,2,5,3,2,3,5,3,2,2,5,3,2,5,3,5,3,2,3,3,3,2,3,5,3,2,2,3,2,3,5,3,2,3,5,3,6,3,2,3,2,5,3,2,5,3,3,2,6,3,2,6,2,3,3,2,2,5,6,3,2,3,2,5,5,3,2,3,5,6,5,3,,,,,,,,,,,,,,,,,,,,,,,,,,,,,,,,,
3,516,1931,76,0,5,4,2,5,5,5,6,6,6,1,1,1,7,7,7,6,6,6,6,6,6,6,6,6,1,1,1,1,6,6,4,5,7,6,6,6,5,5,4,4,6,4,4,5,5,5,3,6,6,4,3,5,3,6,6,6,1,7,7,6,6,5,7,7,7,7,7,7,7,7,7,2,2,3,3,3,3,7,7,7,,,,,,,,,,,,,,,,,,,,,,,,,,,,,,,,,
3,518,1931,76,25,6,3,2,1,7,7,6,5,6,1,1,1,5,5,5,6,6,6,6,6,6,6,6,6,2,2,2,2,5,5,5,6,7,7,7,6,6,4,4,4,4,4,6,5,5,5,7,7,7,5,7,7,7,7,7,7,1,7,7,7,7,4,5,5,5,6,6,6,5,2,2,4,4,4,2,2,4,5,3,4,,,,,,,,,,,,,,,,,,,,,,,,,,,,,,,,,
3,519,1970,37,78900,3,5,2,3,2,3,3,2,5,3,2,3,3,3,2,2,3,2,3,2,2,3,5,3,2,2,3,5,3,2,3,2,3,5,3,2,2,3,2,3,2,3,5,2,3,3,3,2,5,3,2,3,3,0,3,3,2,3,5,3,2,3,3,3,5,3,2,3,2,3,5,3,3,5,4,3,2,3,2,3,,,,,,,,,,,,,,,,,,,,,,,,,,,,,,,,,
3,520,1972,35,72000,3,5,1,2,2,2,5,3,2,2,2,5,5,3,2,3,2,5,2,3,2,3,3,5,3,2,2,3,2,3,5,3,2,2,3,3,5,2,3,2,3,5,3,2,3,5,5,3,0,2,2,3,5,3,3,2,3,2,5,4,3,2,3,2,2,3,5,3,3,2,3,5,3,2,2,3,5,5,2,3,,,,,,,,,,,,,,,,,,,,,,,,,,,,,,,,,
3,521,1981,26,81500,2,4,1,3,2,2,3,3,2,5,3,3,2,3,5,3,2,3,3,5,3,3,2,3,3,2,3,5,3,2,3,2,3,5,3,3,2,2,3,5,3,3,3,5,3,2,3,2,3,3,5,3,2,3,5,3,2,5,3,2,3,2,3,2,1,2,2,6,3,5,3,2,2,3,5,5,3,2,3,3,,,,,,,,,,,,,,,,,,,,,,,,,,,,,,,,,
3,522,1982,25,7000,6,6,2,4,4,5,6,6,6,1,1,1,6,5,5,5,5,5,5,5,3,3,3,3,2,2,2,2,6,6,6,6,6,4,4,4,6,7,6,4,5,5,5,5,4,5,7,7,7,4,7,7,7,7,7,7,2,7,7,7,7,4,4,4,4,6,6,6,6,6,6,7,7,7,7,7,7,2,7,6,,,,,,,,,,,,,,,,,,,,,,,,,,,,,,,,,
3,523,1940,67,41000,5,6,1,7,7,7,6,6,6,2,2,2,7,7,7,6,6,6,6,6,6,6,6,6,2,2,2,2,6,6,5,6,6,6,6,6,6,6,4,5,6,6,6,4,4,5,7,7,7,4,5,6,4,6,7,0,0,0,0,0,7,4,6,6,6,5,5,5,7,4,4,4,3,5,6,6,5,5,4,5,,,,,,,,,,,,,,,,,,,,,,,,,,,,,,,,,
3,524,1976,31,78500,3,4,2,3,3,2,3,5,3,3,2,2,3,2,3,3,2,2,2,3,2,3,2,3,2,3,3,3,3,2,3,2,3,3,2,2,3,5,3,2,2,3,5,3,3,5,3,3,2,2,5,3,5,3,3,2,3,3,5,3,3,2,3,3,3,3,2,3,5,3,3,5,3,2,3,2,2,3,3,5,,,,,,,,,,,,,,,,,,,,,,,,,,,,,,,,,
3,525,1980,27,57000,2,3,2,3,2,2,5,3,3,2,3,3,5,3,2,2,3,5,3,2,3,5,3,3,2,3,5,3,3,2,3,3,5,3,3,5,3,3,3,3,5,3,3,3,2,3,5,3,2,3,3,2,3,5,3,3,3,5,3,3,3,2,2,3,5,3,3,3,2,3,3,2,2,1,2,3,3,2,3,3,,,,,,,,,,,,,,,,,,,,,,,,,,,,,,,,,
3,526,1971,36,35000,7,4,2,5,5,5,7,7,7,1,0,1,3,3,3,7,7,0,7,7,7,0,7,7,1,3,1,1,7,3,7,7,7,7,7,5,7,7,3,7,7,7,7,7,7,7,7,7,7,7,7,7,7,7,7,7,1,7,7,7,7,7,4,4,4,7,7,7,7,7,7,3,3,3,5,6,6,3,7,7,,,,,,,,,,,,,,,,,,,,,,,,,,,,,,,,,
3,527,1986,21,120000,7,4,1,7,7,7,7,7,7,5,5,7,7,7,7,7,7,7,7,7,7,7,7,7,2,2,2,1,7,7,7,7,7,7,7,7,7,7,7,7,7,7,7,7,7,7,7,7,7,7,1,5,5,7,7,7,1,7,7,7,7,4,7,7,7,7,7,7,7,7,7,7,6,7,7,7,7,6,6,7,,,,,,,,,,,,,,,,,,,,,,,,,,,,,,,,,
3,528,1979,28,52000,7,5,1,6,5,6,6,0,6,7,7,7,7,7,7,6,6,6,6,7,7,7,6,6,1,1,1,1,7,7,7,7,7,7,7,6,7,6,6,5,6,6,7,6,6,7,7,7,7,7,7,7,7,7,7,7,1,7,6,7,7,7,5,5,5,6,6,6,7,7,7,7,7,7,7,0,6,2,7,7,,,,,,,,,,,,,,,,,,,,,,,,,,,,,,,,,
3,530,1968,39,25000,7,5,2,7,7,7,7,7,7,4,4,4,4,4,4,7,7,7,0,7,7,7,7,7,1,1,1,1,7,7,7,7,7,7,7,7,7,7,7,7,7,7,7,7,7,7,7,7,7,7,7,7,7,7,7,7,0,7,7,7,7,4,4,4,4,4,4,4,4,4,4,7,7,7,7,7,7,4,7,7,,,,,,,,,,,,,,,,,,,,,,,,,,,,,,,,,
3,531,1958,49,33000,6,5,1,5,3,5,6,3,5,1,1,2,7,6,6,5,5,4,5,4,3,5,5,5,2,3,2,2,6,6,6,6,7,7,7,4,5,6,5,6,6,3,3,6,4,5,5,5,5,3,2,4,5,7,7,7,2,6,6,5,6,5,5,6,5,6,6,5,6,3,5,5,3,5,5,5,4,6,7,7,,,,,,,,,,,,,,,,,,,,,,,,,,,,,,,,,
3,532,1962,45,75000,6,5,2,4,4,4,4,4,4,1,1,1,6,6,6,4,4,4,4,4,3,3,3,3,7,7,7,7,7,7,3,7,7,7,7,7,7,7,7,7,7,7,7,6,6,6,6,7,7,4,6,4,4,7,7,7,2,6,6,7,7,4,2,2,2,2,2,2,1,2,1,1,1,1,7,7,7,3,4,6,,,,,,,,,,,,,,,,,,,,,,,,,,,,,,,,,
3,534,1947,60,50000,5,5,2,5,7,6,5,5,5,7,7,7,4,4,4,6,3,6,5,6,7,7,7,7,2,4,2,2,6,6,4,4,6,4,6,5,6,6,4,4,6,6,6,5,4,5,6,6,6,4,4,4,4,6,6,6,2,6,6,4,4,4,4,4,4,6,6,7,6,5,4,2,2,2,4,5,4,3,5,5,,,,,,,,,,,,,,,,,,,,,,,,,,,,,,,,,
3,535,1959,48,80000,5,3,1,5,6,7,7,7,7,1,1,1,7,7,7,6,6,7,6,6,7,6,6,6,1,1,1,1,6,6,6,6,6,6,6,5,6,6,4,4,6,6,6,5,5,5,7,7,7,6,6,7,7,7,7,7,1,7,6,6,6,6,6,6,6,7,7,7,6,5,4,5,5,6,5,5,6,2,6,6,,,,,,,,,,,,,,,,,,,,,,,,,,,,,,,,,
3,536,1962,45,160000,5,5,2,4,4,4,5,5,5,1,1,1,7,7,7,6,5,6,6,5,6,6,6,5,2,2,2,2,6,5,4,6,6,6,6,6,6,6,5,6,5,5,5,5,5,5,5,5,5,5,6,6,6,6,6,6,2,6,6,3,3,3,6,6,6,4,4,4,4,4,4,3,2,4,3,4,4,5,3,5,,,,,,,,,,,,,,,,,,,,,,,,,,,,,,,,,
3,537,1960,47,37000,6,5,1,5,5,5,4,4,4,1,1,1,7,7,7,5,5,5,7,5,5,5,7,7,1,4,3,3,7,7,7,7,7,7,7,6,6,6,5,4,5,6,6,6,5,5,7,6,6,6,6,6,6,6,6,6,1,7,7,6,6,6,7,7,7,6,6,6,7,7,7,6,6,6,6,6,4,3,7,7,,,,,,,,,,,,,,,,,,,,,,,,,,,,,,,,,
3,538,1980,27,50000,7,5,2,6,6,6,6,6,6,1,1,1,7,7,7,6,5,6,6,6,6,6,7,6,2,1,1,1,5,5,4,4,4,5,5,2,6,6,4,6,6,5,4,5,5,5,7,7,7,7,6,7,7,7,6,6,2,6,6,5,6,5,7,7,7,6,6,6,7,6,7,5,4,5,6,6,6,5,5,5,,,,,,,,,,,,,,,,,,,,,,,,,,,,,,,,,
3,539,1928,79,0,1,4,2,1,1,1,1,1,1,1,1,1,7,7,7,1,1,1,1,1,1,1,1,1,7,7,7,7,1,1,1,1,1,1,1,1,1,1,1,1,1,1,1,1,1,1,1,1,1,1,1,1,1,1,1,1,7,1,1,1,1,1,1,1,1,1,1,1,1,1,1,1,1,1,1,1,1,7,7,7,,,,,,,,,,,,,,,,,,,,,,,,,,,,,,,,,
3,540,1962,45,55000,4,6,2,7,7,7,7,0,7,4,4,4,7,7,7,7,6,7,7,7,7,7,7,7,1,1,1,1,7,7,4,4,4,4,4,7,7,7,4,7,7,7,7,7,7,7,7,7,7,7,7,4,7,7,7,7,1,7,7,7,7,4,7,6,7,7,7,7,7,7,7,7,4,5,6,6,6,2,7,7,,,,,,,,,,,,,,,,,,,,,,,,,,,,,,,,,
3,541,1956,51,36000,7,5,2,7,7,7,7,7,7,1,1,1,4,7,7,7,7,7,7,7,7,7,7,7,1,1,1,1,7,7,7,7,7,7,7,7,7,7,4,7,7,7,7,7,7,7,7,7,7,7,7,7,7,7,7,7,1,7,7,7,7,7,7,7,7,7,7,7,7,7,7,4,4,6,7,7,7,1,7,1,,,,,,,,,,,,,,,,,,,,,,,,,,,,,,,,,
3,544,1984,23,35000,6,4,2,5,5,4,5,5,5,4,4,4,5,5,5,6,6,6,6,6,4,5,6,6,2,2,2,2,0,5,5,5,5,5,5,5,5,5,5,5,5,4,4,4,3,4,7,7,7,4,7,7,7,6,6,6,2,6,5,6,6,0,6,6,6,6,6,6,6,6,6,6,6,6,6,6,6,2,6,4,,,,,,,,,,,,,,,,,,,,,,,,,,,,,,,,,
3,545,1933,74,1,7,6,2,7,7,7,0,7,7,6,6,7,7,7,7,7,7,6,6,7,6,5,5,7,2,2,1,1,7,7,4,6,7,4,7,5,6,7,6,6,7,6,7,6,6,4,7,6,6,7,7,7,7,7,0,6,1,7,7,7,7,6,6,6,6,7,7,7,6,4,6,5,3,5,5,5,5,4,4,5,,,,,,,,,,,,,,,,,,,,,,,,,,,,,,,,,
3,548,1976,31,50000,7,6,2,5,6,6,6,6,6,2,2,2,6,6,6,6,6,5,6,6,5,6,6,5,3,3,2,2,6,6,3,2,2,5,5,5,5,6,4,5,5,5,4,5,6,5,7,5,6,7,7,7,7,6,6,6,1,6,5,5,5,5,4,4,4,5,5,5,6,3,5,6,6,6,6,6,6,6,6,6,,,,,,,,,,,,,,,,,,,,,,,,,,,,,,,,,
3,551,1987,20,0,5,3,1,7,6,6,5,5,5,2,1,2,7,7,7,6,6,7,4,6,6,6,6,6,2,2,2,1,7,7,7,7,7,7,7,7,6,6,4,4,4,4,4,6,5,6,7,7,7,7,7,7,7,7,7,7,2,6,6,6,6,4,7,6,6,6,6,7,7,7,7,4,3,5,6,6,6,0,3,5,,,,,,,,,,,,,,,,,,,,,,,,,,,,,,,,,
3,552,1957,50,100000,6,6,2,5,6,4,7,7,7,1,1,1,7,7,7,6,6,6,6,6,5,5,5,6,4,4,4,4,5,3,4,4,4,4,4,4,4,5,4,3,4,4,7,4,4,4,5,5,5,4,7,6,6,6,6,6,1,6,6,4,4,4,6,6,6,6,6,6,6,5,6,5,3,2,3,5,5,5,5,5,,,,,,,,,,,,,,,,,,,,,,,,,,,,,,,,,
3,554,1977,30,180000,7,5,2,7,7,7,7,7,7,1,1,1,7,7,7,7,7,7,7,7,7,7,7,7,1,1,1,1,7,7,7,7,7,7,7,7,7,7,7,7,7,7,7,7,7,7,7,7,7,7,7,7,7,7,7,7,1,7,7,7,7,7,7,7,7,7,7,7,7,7,7,7,7,7,7,7,7,4,7,7,,,,,,,,,,,,,,,,,,,,,,,,,,,,,,,,,
3,556,1925,82,30,5,6,2,5,4,4,6,7,7,1,1,1,6,7,7,7,7,7,4,4,6,6,7,7,1,1,1,1,6,6,4,4,4,4,4,4,6,6,6,6,6,0,6,4,6,6,7,7,7,7,7,7,7,7,7,7,2,6,4,6,6,6,6,6,6,6,6,6,6,6,6,7,5,5,4,4,4,2,7,7,,,,,,,,,,,,,,,,,,,,,,,,,,,,,,,,,
3,561,1937,70,49000,6,7,2,6,6,6,7,7,7,1,1,1,1,1,2,6,6,6,6,6,5,6,6,6,2,2,2,2,6,6,6,6,4,4,4,5,6,6,6,6,6,6,7,6,4,6,7,7,7,5,4,4,4,6,6,6,1,6,6,6,6,5,5,5,5,5,4,5,7,6,5,4,4,4,4,4,4,3,4,5,,,,,,,,,,,,,,,,,,,,,,,,,,,,,,,,,
3,563,1964,43,35000,7,5,2,7,7,7,7,7,7,1,1,1,7,7,7,7,7,7,7,0,7,7,7,7,2,2,2,2,7,7,7,7,4,4,4,7,7,7,4,4,4,7,7,7,4,4,7,7,7,7,7,7,7,7,7,7,1,7,7,7,7,7,4,4,4,4,4,4,4,4,4,4,6,6,6,6,6,4,4,5,,,,,,,,,,,,,,,,,,,,,,,,,,,,,,,,,
3,564,1987,20,14000,6,5,1,1,1,1,5,4,4,2,2,2,6,6,6,5,4,3,5,5,5,5,5,5,2,4,2,3,7,7,7,7,5,5,5,6,5,5,5,3,3,5,6,5,4,5,6,6,6,5,6,5,5,6,6,6,3,5,5,5,5,5,4,2,2,2,2,2,5,2,5,4,3,3,5,5,5,2,2,5,,,,,,,,,,,,,,,,,,,,,,,,,,,,,,,,,
3,565,1957,50,30000,6,3,2,7,6,6,7,7,6,3,3,3,7,7,7,7,6,6,6,7,6,6,6,6,4,5,3,3,7,7,7,7,6,6,7,7,7,7,7,7,7,6,6,6,5,7,7,6,7,7,6,6,3,7,7,7,0,6,6,5,5,6,5,5,4,7,7,7,7,7,7,6,6,6,6,6,6,6,6,6,,,,,,,,,,,,,,,,,,,,,,,,,,,,,,,,,
3,568,1959,48,46000,7,7,2,5,5,5,6,5,6,2,1,2,6,4,5,6,5,7,4,6,5,4,5,6,3,2,1,1,6,6,5,5,5,5,5,5,6,6,4,5,5,5,7,5,4,5,7,7,7,4,7,7,7,0,7,7,1,7,7,5,5,4,6,6,5,5,5,5,5,3,4,4,4,4,6,6,6,4,5,6,,,,,,,,,,,,,,,,,,,,,,,,,,,,,,,,,
3,569,1989,18,150000,5,4,2,7,7,7,7,7,7,4,3,3,7,7,7,6,6,6,6,7,2,5,5,6,4,3,2,1,7,7,7,7,7,7,7,3,5,6,5,5,6,4,7,6,6,6,7,7,7,7,7,7,7,7,7,7,1,7,7,7,7,6,3,2,2,4,4,4,6,4,5,6,6,6,6,4,4,4,3,3,,,,,,,,,,,,,,,,,,,,,,,,,,,,,,,,,
3,570,1962,45,35000,7,2,1,6,6,6,7,7,7,7,7,7,2,2,2,7,7,7,0,7,6,7,6,7,2,2,2,2,7,7,7,7,7,7,7,6,7,7,4,6,7,7,6,7,4,7,2,6,6,4,4,2,3,7,7,7,1,7,7,7,7,0,7,7,7,7,7,7,7,7,7,7,6,7,7,7,7,6,7,6,,,,,,,,,,,,,,,,,,,,,,,,,,,,,,,,,
3,571,1945,62,75000,5,3,2,5,4,7,5,5,6,3,4,4,6,6,7,6,6,6,5,6,6,6,6,6,2,2,1,2,6,6,6,6,6,6,5,5,5,5,4,4,4,3,5,5,6,6,7,7,7,7,7,7,7,7,7,7,2,0,6,6,6,5,6,6,6,0,6,0,5,5,0,4,2,2,3,3,3,3,7,7,,,,,,,,,,,,,,,,,,,,,,,,,,,,,,,,,
3,572,1966,41,500000,5,7,2,7,7,7,7,7,7,7,1,1,7,7,7,7,7,7,7,7,7,7,0,7,1,1,1,1,7,7,7,7,1,1,7,1,7,7,7,7,7,7,7,7,5,7,7,7,7,7,7,0,7,7,7,7,1,7,7,7,7,7,7,7,7,7,7,7,7,7,7,4,4,4,7,7,7,7,7,7,,,,,,,,,,,,,,,,,,,,,,,,,,,,,,,,,
3,573,0,0,0,5,0,0,6,6,7,7,7,7,1,0,1,5,5,4,7,7,7,7,7,5,6,5,6,4,4,2,1,5,5,4,4,2,4,4,5,5,5,4,4,6,4,7,7,6,7,7,7,6,7,7,6,6,7,7,6,1,7,7,6,6,6,6,6,6,6,5,7,7,5,6,7,7,6,6,7,6,4,7,6,,,,,,,,,,,,,,,,,,,,,,,,,,,,,,,,,
3,574,1936,71,55000,5,4,1,7,7,7,7,7,7,4,4,4,6,5,5,7,7,7,7,4,5,5,5,5,2,2,2,2,6,6,6,5,6,5,5,6,5,5,5,6,6,6,6,6,5,5,7,7,7,7,7,7,7,7,7,7,2,7,7,6,6,6,6,6,6,6,6,6,6,6,5,5,5,4,4,4,4,5,5,5,,,,,,,,,,,,,,,,,,,,,,,,,,,,,,,,,
3,575,1988,19,100000,7,5,1,2,7,7,6,6,6,4,4,4,5,6,7,7,7,6,6,7,6,7,7,7,2,1,1,1,7,7,7,7,6,4,4,1,7,7,7,7,7,6,4,6,7,5,7,7,7,5,7,5,5,7,7,7,1,7,6,6,6,5,4,4,4,5,5,5,6,6,6,7,7,7,7,7,7,3,5,6,,,,,,,,,,,,,,,,,,,,,,,,,,,,,,,,,
3,576,1934,73,62000,7,5,2,7,7,7,7,7,7,1,1,1,7,7,7,7,7,7,7,7,5,5,6,6,1,1,1,1,7,7,7,6,7,7,4,7,7,7,4,7,7,7,7,5,5,5,5,6,4,5,4,3,3,7,7,7,1,7,7,7,7,6,7,7,7,7,7,7,7,7,7,4,3,3,5,5,5,3,6,6,,,,,,,,,,,,,,,,,,,,,,,,,,,,,,,,,
3,577,1981,26,30000,5,6,1,1,1,2,4,4,4,2,2,3,5,5,7,4,4,5,4,3,6,6,6,7,2,1,2,3,7,7,6,6,7,7,7,4,6,7,4,4,5,6,4,6,6,5,7,7,7,7,7,7,7,6,6,6,4,4,4,7,7,7,7,5,7,5,4,5,4,1,2,4,4,6,7,7,7,4,5,5,,,,,,,,,,,,,,,,,,,,,,,,,,,,,,,,,
3,579,1932,75,75000,5,6,1,5,5,5,5,5,5,1,1,1,7,7,7,6,6,6,6,6,4,4,4,5,2,2,2,2,5,5,5,5,5,5,5,5,5,5,5,5,5,5,5,5,5,5,5,5,5,5,5,5,5,5,5,5,2,5,5,5,5,5,5,4,5,5,5,5,5,5,5,5,5,5,5,5,5,2,5,5,,,,,,,,,,,,,,,,,,,,,,,,,,,,,,,,,
3,580,1966,41,150000,7,5,1,7,7,7,6,6,7,4,4,4,4,4,4,7,7,7,7,7,7,6,7,7,2,2,2,2,7,7,7,7,2,2,4,4,4,4,4,7,7,7,7,4,4,4,7,7,7,7,7,6,6,6,6,6,4,7,7,4,4,4,7,7,7,7,7,7,7,7,7,7,6,7,7,7,7,4,7,7,,,,,,,,,,,,,,,,,,,,,,,,,,,,,,,,,
3,582,1961,46,65000,7,7,1,7,7,7,7,7,7,1,1,7,7,7,7,7,7,7,7,7,7,7,7,7,1,1,1,1,7,7,6,6,7,7,7,6,7,7,6,7,7,7,6,7,6,7,7,6,7,6,6,6,4,7,7,7,1,7,6,7,7,6,4,5,5,4,7,6,7,7,3,6,7,6,7,6,5,5,7,7,,,,,,,,,,,,,,,,,,,,,,,,,,,,,,,,,
3,583,1958,49,50000,4,4,1,5,5,5,5,5,5,3,3,3,3,3,3,4,4,4,4,4,4,4,4,4,4,4,4,4,5,4,4,4,4,4,4,4,4,4,4,4,4,4,4,4,4,4,7,5,5,4,6,6,6,6,6,6,3,5,5,4,4,4,4,4,4,4,4,4,5,5,5,5,5,5,6,6,6,4,4,4,,,,,,,,,,,,,,,,,,,,,,,,,,,,,,,,,
3,584,1958,49,38000,5,6,1,5,5,5,7,7,7,1,1,1,7,7,7,7,7,7,7,7,6,6,6,6,4,5,1,1,5,5,4,4,1,1,1,5,6,6,4,4,5,4,4,5,4,4,5,5,5,1,1,5,5,7,7,6,1,7,7,6,6,5,4,4,4,3,3,3,6,1,4,3,1,2,5,5,5,5,6,7,,,,,,,,,,,,,,,,,,,,,,,,,,,,,,,,,
3,585,1984,23,60,6,5,2,3,3,3,5,5,5,2,2,2,6,6,6,6,6,5,6,6,5,5,6,5,3,3,4,3,6,6,6,6,6,6,6,5,5,5,4,5,5,5,5,5,4,4,7,7,7,6,7,7,7,6,6,6,2,6,6,7,7,7,6,6,6,7,7,7,6,4,4,4,3,3,4,4,3,6,6,6,,,,,,,,,,,,,,,,,,,,,,,,,,,,,,,,,
3,586,1933,74,17000,5,5,2,5,5,4,5,5,5,3,3,3,6,6,6,5,5,5,5,5,4,4,4,6,3,3,3,3,5,5,4,5,4,4,5,5,6,5,5,4,4,5,5,5,5,5,6,6,6,6,6,6,6,6,6,6,3,5,5,5,5,4,4,4,4,5,5,5,5,4,5,3,3,2,5,3,3,3,6,6,,,,,,,,,,,,,,,,,,,,,,,,,,,,,,,,,
3,587,1954,53,26000,5,5,2,6,6,6,5,5,5,1,1,1,7,7,7,6,4,5,6,6,5,5,6,7,2,2,2,2,7,6,7,7,6,0,6,6,6,6,5,6,6,6,6,6,6,6,7,6,7,6,7,7,7,6,6,6,1,6,6,6,6,6,6,6,6,7,7,0,6,6,7,5,3,3,4,4,4,5,4,4,,,,,,,,,,,,,,,,,,,,,,,,,,,,,,,,,
3,589,1984,23,0,6,4,1,5,4,5,5,5,4,5,5,3,7,7,5,4,4,5,5,5,5,5,5,5,4,5,5,5,5,5,5,5,5,5,5,5,5,5,5,6,5,5,6,5,5,5,6,5,5,5,6,5,5,5,6,5,4,5,5,5,5,5,4,4,4,4,4,5,6,6,6,5,5,6,5,5,5,7,7,7,,,,,,,,,,,,,,,,,,,,,,,,,,,,,,,,,
3,593,1956,51,30000,6,5,2,7,7,7,7,7,7,3,3,3,7,7,7,6,6,7,6,6,6,6,6,6,3,3,3,3,4,4,4,4,4,4,4,4,4,4,4,4,4,4,4,4,4,4,6,6,6,6,6,6,5,6,7,7,2,6,6,6,6,6,7,7,7,7,7,7,7,7,7,6,5,5,6,5,5,6,7,6,,,,,,,,,,,,,,,,,,,,,,,,,,,,,,,,,
3,595,1936,71,35000,7,5,2,7,7,7,7,7,7,1,1,4,7,7,7,7,7,7,7,7,7,7,7,7,1,1,1,1,6,2,7,7,7,7,7,7,7,7,7,4,7,7,7,7,7,7,7,7,7,7,7,7,7,7,7,7,1,7,7,7,7,7,7,7,7,7,7,7,7,7,7,7,6,7,7,7,7,2,7,7,,,,,,,,,,,,,,,,,,,,,,,,,,,,,,,,,
3,596,1957,50,100000,5,5,2,6,6,6,6,6,6,4,4,4,7,7,6,5,5,5,5,5,5,5,5,5,4,5,3,3,5,4,4,4,4,4,3,4,4,5,4,4,4,4,4,4,4,4,7,7,7,7,7,0,7,7,7,7,2,5,5,5,5,5,4,4,4,4,5,5,7,6,6,4,3,3,3,3,3,4,5,5,,,,,,,,,,,,,,,,,,,,,,,,,,,,,,,,,
3,598,1957,50,59000,4,6,1,3,3,3,4,4,4,1,1,3,6,6,5,5,4,4,4,4,4,5,5,4,2,2,2,2,6,6,6,6,3,3,3,4,5,5,3,4,3,4,5,3,3,3,4,0,4,4,4,4,4,5,5,5,3,4,4,4,4,4,3,3,3,3,3,3,5,3,4,5,4,5,6,6,6,1,2,1,,,,,,,,,,,,,,,,,,,,,,,,,,,,,,,,,
3,600,1940,67,38000,7,6,1,7,7,7,7,7,7,1,1,1,7,7,7,7,7,7,7,7,7,7,7,7,1,1,1,1,7,7,7,7,7,7,7,7,7,7,7,7,0,7,7,7,7,7,7,7,7,7,4,4,4,7,7,7,1,7,7,7,7,4,7,7,7,7,7,7,7,7,7,7,7,7,7,7,7,1,7,7,,,,,,,,,,,,,,,,,,,,,,,,,,,,,,,,,
3,601,1933,74,140000,4,5,1,5,7,7,3,3,4,1,1,1,7,7,7,5,4,6,5,5,3,3,4,3,2,0,1,4,6,6,6,4,5,2,2,4,0,4,3,4,5,2,5,2,2,2,6,6,6,7,7,7,6,6,6,6,2,5,5,6,6,6,2,1,2,5,4,4,6,4,5,1,1,1,5,5,3,3,3,2,,,,,,,,,,,,,,,,,,,,,,,,,,,,,,,,,